"date","symbol","close"
2022-01-03,"AAPL",182.009994506836
2022-01-04,"AAPL",179.699996948242
2022-01-05,"AAPL",174.919998168945
2022-01-06,"AAPL",172
2022-01-07,"AAPL",172.169998168945
2022-01-10,"AAPL",172.190002441406
2022-01-11,"AAPL",175.080001831055
2022-01-12,"AAPL",175.529998779297
2022-01-13,"AAPL",172.190002441406
2022-01-14,"AAPL",173.070007324219
2022-01-18,"AAPL",169.800003051758
2022-01-19,"AAPL",166.229995727539
2022-01-20,"AAPL",164.509994506836
2022-01-21,"AAPL",162.410003662109
2022-01-24,"AAPL",161.619995117188
2022-01-25,"AAPL",159.779998779297
2022-01-26,"AAPL",159.690002441406
2022-01-27,"AAPL",159.220001220703
2022-01-28,"AAPL",170.330001831055
2022-01-31,"AAPL",174.779998779297
2022-02-01,"AAPL",174.610000610352
2022-02-02,"AAPL",175.839996337891
2022-02-03,"AAPL",172.899993896484
2022-02-04,"AAPL",172.389999389648
2022-02-07,"AAPL",171.660003662109
2022-02-08,"AAPL",174.830001831055
2022-02-09,"AAPL",176.279998779297
2022-02-10,"AAPL",172.119995117188
2022-02-11,"AAPL",168.639999389648
2022-02-14,"AAPL",168.880004882812
2022-02-15,"AAPL",172.789993286133
2022-02-16,"AAPL",172.550003051758
2022-02-17,"AAPL",168.880004882812
2022-02-18,"AAPL",167.300003051758
2022-02-22,"AAPL",164.320007324219
2022-02-23,"AAPL",160.070007324219
2022-02-24,"AAPL",162.740005493164
2022-02-25,"AAPL",164.850006103516
2022-02-28,"AAPL",165.119995117188
2022-03-01,"AAPL",163.199996948242
2022-03-02,"AAPL",166.559997558594
2022-03-03,"AAPL",166.229995727539
2022-03-04,"AAPL",163.169998168945
2022-03-07,"AAPL",159.300003051758
2022-03-08,"AAPL",157.440002441406
2022-03-09,"AAPL",162.949996948242
2022-03-10,"AAPL",158.520004272461
2022-03-11,"AAPL",154.729995727539
2022-03-14,"AAPL",150.619995117188
2022-03-15,"AAPL",155.089996337891
2022-03-16,"AAPL",159.589996337891
2022-03-17,"AAPL",160.619995117188
2022-03-18,"AAPL",163.979995727539
2022-03-21,"AAPL",165.380004882812
2022-03-22,"AAPL",168.820007324219
2022-03-23,"AAPL",170.210006713867
2022-03-24,"AAPL",174.070007324219
2022-03-25,"AAPL",174.720001220703
2022-03-28,"AAPL",175.600006103516
2022-03-29,"AAPL",178.960006713867
2022-03-30,"AAPL",177.770004272461
2022-03-31,"AAPL",174.610000610352
2022-04-01,"AAPL",174.309997558594
2022-04-04,"AAPL",178.440002441406
2022-04-05,"AAPL",175.059997558594
2022-04-06,"AAPL",171.830001831055
2022-04-07,"AAPL",172.139999389648
2022-04-08,"AAPL",170.089996337891
2022-04-11,"AAPL",165.75
2022-04-12,"AAPL",167.660003662109
2022-04-13,"AAPL",170.399993896484
2022-04-14,"AAPL",165.289993286133
2022-04-18,"AAPL",165.070007324219
2022-04-19,"AAPL",167.399993896484
2022-04-20,"AAPL",167.229995727539
2022-04-21,"AAPL",166.419998168945
2022-04-22,"AAPL",161.789993286133
2022-04-25,"AAPL",162.880004882812
2022-04-26,"AAPL",156.800003051758
2022-04-27,"AAPL",156.570007324219
2022-04-28,"AAPL",163.639999389648
2022-04-29,"AAPL",157.649993896484
2022-05-02,"AAPL",157.960006713867
2022-05-03,"AAPL",159.479995727539
2022-05-04,"AAPL",166.020004272461
2022-05-05,"AAPL",156.770004272461
2022-05-06,"AAPL",157.279998779297
2022-05-09,"AAPL",152.059997558594
2022-05-10,"AAPL",154.509994506836
2022-05-11,"AAPL",146.5
2022-05-12,"AAPL",142.559997558594
2022-05-13,"AAPL",147.110000610352
2022-05-16,"AAPL",145.539993286133
2022-05-17,"AAPL",149.240005493164
2022-05-18,"AAPL",140.820007324219
2022-05-19,"AAPL",137.350006103516
2022-05-20,"AAPL",137.589996337891
2022-05-23,"AAPL",143.110000610352
2022-05-24,"AAPL",140.360000610352
2022-05-25,"AAPL",140.520004272461
2022-05-26,"AAPL",143.779998779297
2022-05-27,"AAPL",149.639999389648
2022-05-31,"AAPL",148.839996337891
2022-06-01,"AAPL",148.710006713867
2022-06-02,"AAPL",151.210006713867
2022-06-03,"AAPL",145.380004882812
2022-06-06,"AAPL",146.139999389648
2022-06-07,"AAPL",148.710006713867
2022-06-08,"AAPL",147.960006713867
2022-06-09,"AAPL",142.639999389648
2022-06-10,"AAPL",137.130004882812
2022-06-13,"AAPL",131.880004882812
2022-06-14,"AAPL",132.759994506836
2022-06-15,"AAPL",135.429992675781
2022-06-16,"AAPL",130.059997558594
2022-06-17,"AAPL",131.559997558594
2022-06-21,"AAPL",135.869995117188
2022-06-22,"AAPL",135.350006103516
2022-06-23,"AAPL",138.270004272461
2022-06-24,"AAPL",141.660003662109
2022-06-27,"AAPL",141.660003662109
2022-06-28,"AAPL",137.440002441406
2022-06-29,"AAPL",139.229995727539
2022-06-30,"AAPL",136.720001220703
2022-07-01,"AAPL",138.929992675781
2022-07-05,"AAPL",141.559997558594
2022-07-06,"AAPL",142.919998168945
2022-07-07,"AAPL",146.350006103516
2022-07-08,"AAPL",147.039993286133
2022-07-11,"AAPL",144.869995117188
2022-07-12,"AAPL",145.860000610352
2022-07-13,"AAPL",145.490005493164
2022-07-14,"AAPL",148.470001220703
2022-07-15,"AAPL",150.169998168945
2022-07-18,"AAPL",147.070007324219
2022-07-19,"AAPL",151
2022-07-20,"AAPL",153.039993286133
2022-07-21,"AAPL",155.350006103516
2022-07-22,"AAPL",154.089996337891
2022-07-25,"AAPL",152.949996948242
2022-07-26,"AAPL",151.600006103516
2022-07-27,"AAPL",156.789993286133
2022-07-28,"AAPL",157.350006103516
2022-07-29,"AAPL",162.509994506836
2022-08-01,"AAPL",161.509994506836
2022-08-02,"AAPL",160.009994506836
2022-08-03,"AAPL",166.130004882812
2022-08-04,"AAPL",165.809997558594
2022-08-05,"AAPL",165.350006103516
2022-08-08,"AAPL",164.869995117188
2022-08-09,"AAPL",164.919998168945
2022-08-10,"AAPL",169.240005493164
2022-08-11,"AAPL",168.490005493164
2022-08-12,"AAPL",172.100006103516
2022-08-15,"AAPL",173.190002441406
2022-08-16,"AAPL",173.029998779297
2022-08-17,"AAPL",174.550003051758
2022-08-18,"AAPL",174.149993896484
2022-08-19,"AAPL",171.520004272461
2022-08-22,"AAPL",167.570007324219
2022-08-23,"AAPL",167.229995727539
2022-08-24,"AAPL",167.529998779297
2022-08-25,"AAPL",170.029998779297
2022-08-26,"AAPL",163.619995117188
2022-08-29,"AAPL",161.380004882812
2022-08-30,"AAPL",158.910003662109
2022-08-31,"AAPL",157.220001220703
2022-09-01,"AAPL",157.960006713867
2022-09-02,"AAPL",155.809997558594
2022-09-06,"AAPL",154.529998779297
2022-09-07,"AAPL",155.960006713867
2022-09-08,"AAPL",154.460006713867
2022-09-09,"AAPL",157.369995117188
2022-09-12,"AAPL",163.429992675781
2022-09-13,"AAPL",153.839996337891
2022-09-14,"AAPL",155.309997558594
2022-09-15,"AAPL",152.369995117188
2022-09-16,"AAPL",150.699996948242
2022-09-19,"AAPL",154.479995727539
2022-09-20,"AAPL",156.899993896484
2022-09-21,"AAPL",153.720001220703
2022-09-22,"AAPL",152.740005493164
2022-09-23,"AAPL",150.429992675781
2022-09-26,"AAPL",150.770004272461
2022-09-27,"AAPL",151.759994506836
2022-09-28,"AAPL",149.839996337891
2022-09-29,"AAPL",142.479995727539
2022-09-30,"AAPL",138.199996948242
2022-10-03,"AAPL",142.449996948242
2022-10-04,"AAPL",146.100006103516
2022-10-05,"AAPL",146.399993896484
2022-10-06,"AAPL",145.429992675781
2022-10-07,"AAPL",140.089996337891
2022-10-10,"AAPL",140.419998168945
2022-10-11,"AAPL",138.979995727539
2022-10-12,"AAPL",138.339996337891
2022-10-13,"AAPL",142.990005493164
2022-10-14,"AAPL",138.380004882812
2022-10-17,"AAPL",142.410003662109
2022-10-18,"AAPL",143.75
2022-10-19,"AAPL",143.860000610352
2022-10-20,"AAPL",143.389999389648
2022-10-21,"AAPL",147.270004272461
2022-10-24,"AAPL",149.449996948242
2022-10-25,"AAPL",152.339996337891
2022-10-26,"AAPL",149.350006103516
2022-10-27,"AAPL",144.800003051758
2022-10-28,"AAPL",155.740005493164
2022-10-31,"AAPL",153.339996337891
2022-11-01,"AAPL",150.649993896484
2022-11-02,"AAPL",145.029998779297
2022-11-03,"AAPL",138.880004882812
2022-11-04,"AAPL",138.380004882812
2022-11-07,"AAPL",138.919998168945
2022-11-08,"AAPL",139.5
2022-11-09,"AAPL",134.869995117188
2022-11-10,"AAPL",146.869995117188
2022-11-11,"AAPL",149.699996948242
2022-11-14,"AAPL",148.279998779297
2022-11-15,"AAPL",150.039993286133
2022-11-16,"AAPL",148.789993286133
2022-11-17,"AAPL",150.720001220703
2022-11-18,"AAPL",151.289993286133
2022-11-21,"AAPL",148.009994506836
2022-11-22,"AAPL",150.179992675781
2022-11-23,"AAPL",151.070007324219
2022-11-25,"AAPL",148.110000610352
2022-11-28,"AAPL",144.220001220703
2022-11-29,"AAPL",141.169998168945
2022-11-30,"AAPL",148.029998779297
2022-12-01,"AAPL",148.309997558594
2022-12-02,"AAPL",147.809997558594
2022-12-05,"AAPL",146.630004882812
2022-12-06,"AAPL",142.910003662109
2022-12-07,"AAPL",140.940002441406
2022-12-08,"AAPL",142.649993896484
2022-12-09,"AAPL",142.160003662109
2022-12-12,"AAPL",144.490005493164
2022-12-13,"AAPL",145.470001220703
2022-12-14,"AAPL",143.210006713867
2022-12-15,"AAPL",136.5
2022-12-16,"AAPL",134.509994506836
2022-12-19,"AAPL",132.369995117188
2022-12-20,"AAPL",132.300003051758
2022-12-21,"AAPL",135.449996948242
2022-12-22,"AAPL",132.229995727539
2022-12-23,"AAPL",131.860000610352
2022-12-27,"AAPL",130.029998779297
2022-12-28,"AAPL",126.040000915527
2022-12-29,"AAPL",129.610000610352
2022-12-30,"AAPL",129.929992675781
2023-01-03,"AAPL",125.069999694824
2023-01-04,"AAPL",126.360000610352
2023-01-05,"AAPL",125.019996643066
2023-01-06,"AAPL",129.619995117188
2023-01-09,"AAPL",130.149993896484
2023-01-10,"AAPL",130.729995727539
2023-01-11,"AAPL",133.490005493164
2023-01-12,"AAPL",133.410003662109
2023-01-13,"AAPL",134.759994506836
2023-01-17,"AAPL",135.940002441406
2023-01-18,"AAPL",135.210006713867
2023-01-19,"AAPL",135.270004272461
2023-01-20,"AAPL",137.869995117188
2023-01-23,"AAPL",141.110000610352
2023-01-24,"AAPL",142.529998779297
2023-01-25,"AAPL",141.860000610352
2023-01-26,"AAPL",143.960006713867
2023-01-27,"AAPL",145.929992675781
2023-01-30,"AAPL",143
2023-01-31,"AAPL",144.289993286133
2023-02-01,"AAPL",145.429992675781
2023-02-02,"AAPL",150.820007324219
2023-02-03,"AAPL",154.5
2023-02-06,"AAPL",151.729995727539
2023-02-07,"AAPL",154.649993896484
2023-02-08,"AAPL",151.919998168945
2023-02-09,"AAPL",150.869995117188
2023-02-10,"AAPL",151.009994506836
2023-02-13,"AAPL",153.850006103516
2023-02-14,"AAPL",153.199996948242
2023-02-15,"AAPL",155.330001831055
2023-02-16,"AAPL",153.710006713867
2023-02-17,"AAPL",152.550003051758
2023-02-21,"AAPL",148.479995727539
2023-02-22,"AAPL",148.910003662109
2023-02-23,"AAPL",149.399993896484
2023-02-24,"AAPL",146.710006713867
2023-02-27,"AAPL",147.919998168945
2023-02-28,"AAPL",147.410003662109
2023-03-01,"AAPL",145.309997558594
2023-03-02,"AAPL",145.910003662109
2023-03-03,"AAPL",151.029998779297
2023-03-06,"AAPL",153.830001831055
2023-03-07,"AAPL",151.600006103516
2023-03-08,"AAPL",152.869995117188
2023-03-09,"AAPL",150.589996337891
2023-03-10,"AAPL",148.5
2023-03-13,"AAPL",150.470001220703
2023-03-14,"AAPL",152.589996337891
2023-03-15,"AAPL",152.990005493164
2023-03-16,"AAPL",155.850006103516
2023-03-17,"AAPL",155
2023-03-20,"AAPL",157.399993896484
2023-03-21,"AAPL",159.279998779297
2023-03-22,"AAPL",157.830001831055
2023-03-23,"AAPL",158.929992675781
2023-03-24,"AAPL",160.25
2023-03-27,"AAPL",158.279998779297
2023-03-28,"AAPL",157.649993896484
2023-03-29,"AAPL",160.770004272461
2023-03-30,"AAPL",162.360000610352
2023-03-31,"AAPL",164.899993896484
2023-04-03,"AAPL",166.169998168945
2023-04-04,"AAPL",165.630004882812
2023-04-05,"AAPL",163.759994506836
2023-04-06,"AAPL",164.660003662109
2023-04-10,"AAPL",162.029998779297
2023-04-11,"AAPL",160.800003051758
2023-04-12,"AAPL",160.100006103516
2023-04-13,"AAPL",165.559997558594
2023-04-14,"AAPL",165.210006713867
2023-04-17,"AAPL",165.229995727539
2023-04-18,"AAPL",166.470001220703
2023-04-19,"AAPL",167.630004882812
2023-04-20,"AAPL",166.649993896484
2023-04-21,"AAPL",165.020004272461
2023-04-24,"AAPL",165.330001831055
2023-04-25,"AAPL",163.770004272461
2023-04-26,"AAPL",163.759994506836
2023-04-27,"AAPL",168.410003662109
2023-04-28,"AAPL",169.679992675781
2023-05-01,"AAPL",169.589996337891
2023-05-02,"AAPL",168.539993286133
2023-05-03,"AAPL",167.449996948242
2023-05-04,"AAPL",165.789993286133
2023-05-05,"AAPL",173.570007324219
2023-05-08,"AAPL",173.5
2023-05-09,"AAPL",171.770004272461
2023-05-10,"AAPL",173.559997558594
2023-05-11,"AAPL",173.75
2023-05-12,"AAPL",172.570007324219
2023-05-15,"AAPL",172.070007324219
2023-05-16,"AAPL",172.070007324219
2023-05-17,"AAPL",172.690002441406
2023-05-18,"AAPL",175.050003051758
2023-05-19,"AAPL",175.160003662109
2023-05-22,"AAPL",174.199996948242
2023-05-23,"AAPL",171.559997558594
2023-05-24,"AAPL",171.839996337891
2023-05-25,"AAPL",172.990005493164
2023-05-26,"AAPL",175.429992675781
2023-05-30,"AAPL",177.300003051758
2023-05-31,"AAPL",177.25
2023-06-01,"AAPL",180.089996337891
2023-06-02,"AAPL",180.949996948242
2023-06-05,"AAPL",179.580001831055
2023-06-06,"AAPL",179.210006713867
2023-06-07,"AAPL",177.820007324219
2023-06-08,"AAPL",180.570007324219
2023-06-09,"AAPL",180.960006713867
2023-06-12,"AAPL",183.789993286133
2023-06-13,"AAPL",183.309997558594
2023-06-14,"AAPL",183.949996948242
2023-06-15,"AAPL",186.009994506836
2023-06-16,"AAPL",184.919998168945
2023-06-20,"AAPL",185.009994506836
2023-06-21,"AAPL",183.960006713867
2023-06-22,"AAPL",187
2023-06-23,"AAPL",186.679992675781
2023-06-26,"AAPL",185.270004272461
2023-06-27,"AAPL",188.059997558594
2023-06-28,"AAPL",189.25
2023-06-29,"AAPL",189.589996337891
2023-06-30,"AAPL",193.970001220703
2023-07-03,"AAPL",192.460006713867
2023-07-05,"AAPL",191.330001831055
2023-07-06,"AAPL",191.809997558594
2023-07-07,"AAPL",190.679992675781
2023-07-10,"AAPL",188.610000610352
2023-07-11,"AAPL",188.080001831055
2023-07-12,"AAPL",189.770004272461
2023-07-13,"AAPL",190.539993286133
2023-07-14,"AAPL",190.690002441406
2023-07-17,"AAPL",193.990005493164
2023-07-18,"AAPL",193.729995727539
2023-07-19,"AAPL",195.100006103516
2023-07-20,"AAPL",193.130004882812
2023-07-21,"AAPL",191.940002441406
2023-07-24,"AAPL",192.75
2023-07-25,"AAPL",193.619995117188
2023-07-26,"AAPL",194.5
2023-07-27,"AAPL",193.220001220703
2023-07-28,"AAPL",195.830001831055
2023-07-31,"AAPL",196.449996948242
2023-08-01,"AAPL",195.610000610352
2023-08-02,"AAPL",192.580001831055
2023-08-03,"AAPL",191.169998168945
2023-08-04,"AAPL",181.990005493164
2023-08-07,"AAPL",178.850006103516
2023-08-08,"AAPL",179.800003051758
2023-08-09,"AAPL",178.190002441406
2023-08-10,"AAPL",177.970001220703
2023-08-11,"AAPL",177.789993286133
2023-08-14,"AAPL",179.460006713867
2023-08-15,"AAPL",177.449996948242
2023-08-16,"AAPL",176.570007324219
2023-08-17,"AAPL",174
2023-08-18,"AAPL",174.490005493164
2023-08-21,"AAPL",175.839996337891
2023-08-22,"AAPL",177.229995727539
2023-08-23,"AAPL",181.119995117188
2023-08-24,"AAPL",176.380004882812
2023-08-25,"AAPL",178.610000610352
2023-08-28,"AAPL",180.190002441406
2023-08-29,"AAPL",184.119995117188
2023-08-30,"AAPL",187.649993896484
2023-08-31,"AAPL",187.869995117188
2023-09-01,"AAPL",189.460006713867
2023-09-05,"AAPL",189.699996948242
2023-09-06,"AAPL",182.910003662109
2023-09-07,"AAPL",177.559997558594
2023-09-08,"AAPL",178.179992675781
2023-09-11,"AAPL",179.360000610352
2023-09-12,"AAPL",176.300003051758
2023-09-13,"AAPL",174.210006713867
2023-09-14,"AAPL",175.740005493164
2023-09-15,"AAPL",175.009994506836
2023-09-18,"AAPL",177.970001220703
2023-09-19,"AAPL",179.070007324219
2023-09-20,"AAPL",175.490005493164
2023-09-21,"AAPL",173.929992675781
2023-09-22,"AAPL",174.789993286133
2023-09-25,"AAPL",176.080001831055
2023-09-26,"AAPL",171.960006713867
2023-09-27,"AAPL",170.429992675781
2023-09-28,"AAPL",170.690002441406
2023-09-29,"AAPL",171.210006713867
2023-10-02,"AAPL",173.75
2023-10-03,"AAPL",172.399993896484
2023-10-04,"AAPL",173.660003662109
2023-10-05,"AAPL",174.910003662109
2023-10-06,"AAPL",177.490005493164
2023-10-09,"AAPL",178.990005493164
2023-10-10,"AAPL",178.389999389648
2023-10-11,"AAPL",179.800003051758
2023-10-12,"AAPL",180.710006713867
2023-10-13,"AAPL",178.850006103516
2023-10-16,"AAPL",178.720001220703
2023-10-17,"AAPL",177.149993896484
2023-10-18,"AAPL",175.839996337891
2023-10-19,"AAPL",175.460006713867
2023-10-20,"AAPL",172.880004882812
2023-10-23,"AAPL",173
2023-10-24,"AAPL",173.440002441406
2023-10-25,"AAPL",171.100006103516
2023-10-26,"AAPL",166.889999389648
2023-10-27,"AAPL",168.220001220703
2023-10-30,"AAPL",170.289993286133
2023-10-31,"AAPL",170.770004272461
2023-11-01,"AAPL",173.970001220703
2023-11-02,"AAPL",177.570007324219
2023-11-03,"AAPL",176.649993896484
2023-11-06,"AAPL",179.229995727539
2023-11-07,"AAPL",181.820007324219
2023-11-08,"AAPL",182.889999389648
2023-11-09,"AAPL",182.410003662109
2023-11-10,"AAPL",186.399993896484
2023-11-13,"AAPL",184.800003051758
2023-11-14,"AAPL",187.440002441406
2023-11-15,"AAPL",188.009994506836
2023-11-16,"AAPL",189.710006713867
2023-11-17,"AAPL",189.690002441406
2023-11-20,"AAPL",191.449996948242
2023-11-21,"AAPL",190.639999389648
2023-11-22,"AAPL",191.309997558594
2023-11-24,"AAPL",189.970001220703
2023-11-27,"AAPL",189.789993286133
2023-11-28,"AAPL",190.399993896484
2023-11-29,"AAPL",189.369995117188
2023-11-30,"AAPL",189.949996948242
2023-12-01,"AAPL",191.240005493164
2023-12-04,"AAPL",189.429992675781
2023-12-05,"AAPL",193.419998168945
2023-12-06,"AAPL",192.320007324219
2023-12-07,"AAPL",194.270004272461
2023-12-08,"AAPL",195.710006713867
2023-12-11,"AAPL",193.179992675781
2023-12-12,"AAPL",194.710006713867
2023-12-13,"AAPL",197.960006713867
2023-12-14,"AAPL",198.110000610352
2023-12-15,"AAPL",197.570007324219
2023-12-18,"AAPL",195.889999389648
2023-12-19,"AAPL",196.940002441406
2023-12-20,"AAPL",194.830001831055
2023-12-21,"AAPL",194.679992675781
2023-12-22,"AAPL",193.600006103516
2023-12-26,"AAPL",193.050003051758
2023-12-27,"AAPL",193.149993896484
2023-12-28,"AAPL",193.580001831055
2023-12-29,"AAPL",192.529998779297
2024-01-02,"AAPL",185.639999389648
2024-01-03,"AAPL",184.25
2024-01-04,"AAPL",181.910003662109
2024-01-05,"AAPL",181.179992675781
2024-01-08,"AAPL",185.559997558594
2024-01-09,"AAPL",185.139999389648
2024-01-10,"AAPL",186.190002441406
2024-01-11,"AAPL",185.589996337891
2024-01-12,"AAPL",185.919998168945
2024-01-16,"AAPL",183.630004882812
2024-01-17,"AAPL",182.679992675781
2024-01-18,"AAPL",188.630004882812
2024-01-19,"AAPL",191.559997558594
2024-01-22,"AAPL",193.889999389648
2024-01-23,"AAPL",195.179992675781
2024-01-24,"AAPL",194.5
2024-01-25,"AAPL",194.169998168945
2024-01-26,"AAPL",192.419998168945
2024-01-29,"AAPL",191.729995727539
2024-01-30,"AAPL",188.039993286133
2024-01-31,"AAPL",184.399993896484
2024-02-01,"AAPL",186.860000610352
2024-02-02,"AAPL",185.850006103516
2024-02-05,"AAPL",187.679992675781
2024-02-06,"AAPL",189.300003051758
2024-02-07,"AAPL",189.410003662109
2024-02-08,"AAPL",188.320007324219
2024-02-09,"AAPL",188.850006103516
2024-02-12,"AAPL",187.149993896484
2024-02-13,"AAPL",185.039993286133
2024-02-14,"AAPL",184.149993896484
2024-02-15,"AAPL",183.860000610352
2024-02-16,"AAPL",182.309997558594
2024-02-20,"AAPL",181.559997558594
2024-02-21,"AAPL",182.320007324219
2024-02-22,"AAPL",184.369995117188
2024-02-23,"AAPL",182.520004272461
2024-02-26,"AAPL",181.160003662109
2024-02-27,"AAPL",182.630004882812
2024-02-28,"AAPL",181.419998168945
2024-02-29,"AAPL",180.75
2024-03-01,"AAPL",179.660003662109
2024-03-04,"AAPL",175.100006103516
2024-03-05,"AAPL",170.119995117188
2024-03-06,"AAPL",169.119995117188
2024-03-07,"AAPL",169
2024-03-08,"AAPL",170.729995727539
2024-03-11,"AAPL",172.75
2024-03-12,"AAPL",173.229995727539
2024-03-13,"AAPL",171.130004882812
2024-03-14,"AAPL",173
2024-03-15,"AAPL",172.619995117188
2024-03-18,"AAPL",173.720001220703
2024-03-19,"AAPL",176.080001831055
2024-03-20,"AAPL",178.669998168945
2024-03-21,"AAPL",171.369995117188
2024-03-22,"AAPL",172.279998779297
2024-03-25,"AAPL",170.850006103516
2024-03-26,"AAPL",169.710006713867
2024-03-27,"AAPL",173.309997558594
2024-03-28,"AAPL",171.479995727539
2024-04-01,"AAPL",170.029998779297
2024-04-02,"AAPL",168.839996337891
2024-04-03,"AAPL",169.649993896484
2024-04-04,"AAPL",168.820007324219
2024-04-05,"AAPL",169.580001831055
2024-04-08,"AAPL",168.449996948242
2024-04-09,"AAPL",169.669998168945
2024-04-10,"AAPL",167.779998779297
2024-04-11,"AAPL",175.039993286133
2024-04-12,"AAPL",176.550003051758
2024-04-15,"AAPL",172.690002441406
2024-04-16,"AAPL",169.380004882812
2024-04-17,"AAPL",168
2024-04-18,"AAPL",167.039993286133
2024-04-19,"AAPL",165
2024-04-22,"AAPL",165.839996337891
2024-04-23,"AAPL",166.899993896484
2024-04-24,"AAPL",169.020004272461
2024-04-25,"AAPL",169.889999389648
2024-04-26,"AAPL",169.300003051758
2024-04-29,"AAPL",173.5
2024-04-30,"AAPL",170.330001831055
2024-05-01,"AAPL",169.300003051758
2024-05-02,"AAPL",173.029998779297
2024-05-03,"AAPL",183.380004882812
2024-05-06,"AAPL",181.710006713867
2024-05-07,"AAPL",182.399993896484
2024-05-08,"AAPL",182.740005493164
2024-05-09,"AAPL",184.570007324219
2024-05-10,"AAPL",183.050003051758
2024-05-13,"AAPL",186.279998779297
2024-05-14,"AAPL",187.429992675781
2024-05-15,"AAPL",189.720001220703
2024-05-16,"AAPL",189.839996337891
2024-05-17,"AAPL",189.869995117188
2024-05-20,"AAPL",191.039993286133
2024-05-21,"AAPL",192.350006103516
2024-05-22,"AAPL",190.899993896484
2024-05-23,"AAPL",186.880004882812
2024-05-24,"AAPL",189.979995727539
2024-05-28,"AAPL",189.990005493164
2024-05-29,"AAPL",190.289993286133
2024-05-30,"AAPL",191.289993286133
2024-05-31,"AAPL",192.25
2024-06-03,"AAPL",194.029998779297
2024-06-04,"AAPL",194.350006103516
2024-06-05,"AAPL",195.869995117188
2024-06-06,"AAPL",194.479995727539
2024-06-07,"AAPL",196.889999389648
2024-06-10,"AAPL",193.119995117188
2024-06-11,"AAPL",207.149993896484
2024-06-12,"AAPL",213.070007324219
2024-06-13,"AAPL",214.240005493164
2024-06-14,"AAPL",212.490005493164
2024-06-17,"AAPL",216.669998168945
2024-06-18,"AAPL",214.289993286133
2024-06-20,"AAPL",209.679992675781
2024-06-21,"AAPL",207.490005493164
2024-06-24,"AAPL",208.139999389648
2024-06-25,"AAPL",209.070007324219
2024-06-26,"AAPL",213.25
2024-06-27,"AAPL",214.100006103516
2024-06-28,"AAPL",210.619995117188
2024-07-01,"AAPL",216.75
2024-07-02,"AAPL",220.270004272461
2024-07-03,"AAPL",221.550003051758
2024-07-05,"AAPL",226.339996337891
2024-07-08,"AAPL",227.820007324219
2024-07-09,"AAPL",228.679992675781
2024-07-10,"AAPL",232.979995727539
2024-07-11,"AAPL",227.570007324219
2024-07-12,"AAPL",230.539993286133
2024-07-15,"AAPL",234.399993896484
2024-07-16,"AAPL",234.820007324219
2024-07-17,"AAPL",228.880004882812
2024-07-18,"AAPL",224.179992675781
2024-07-19,"AAPL",224.309997558594
2024-07-22,"AAPL",223.960006713867
2024-07-23,"AAPL",225.009994506836
2024-07-24,"AAPL",218.539993286133
2024-07-25,"AAPL",217.490005493164
2024-07-26,"AAPL",217.960006713867
2024-07-29,"AAPL",218.240005493164
2024-07-30,"AAPL",218.800003051758
2024-07-31,"AAPL",222.080001831055
2024-08-01,"AAPL",218.360000610352
2024-08-02,"AAPL",219.860000610352
2024-08-05,"AAPL",209.270004272461
2024-08-06,"AAPL",207.229995727539
2024-08-07,"AAPL",209.820007324219
2024-08-08,"AAPL",213.309997558594
2024-08-09,"AAPL",216.240005493164
2024-08-12,"AAPL",217.529998779297
2024-08-13,"AAPL",221.270004272461
2024-08-14,"AAPL",221.720001220703
2024-08-15,"AAPL",224.720001220703
2024-08-16,"AAPL",226.050003051758
2024-08-19,"AAPL",225.889999389648
2024-08-20,"AAPL",226.509994506836
2024-08-21,"AAPL",226.399993896484
2024-08-22,"AAPL",224.529998779297
2024-08-23,"AAPL",226.839996337891
2024-08-26,"AAPL",227.179992675781
2024-08-27,"AAPL",228.029998779297
2024-08-28,"AAPL",226.490005493164
2024-08-29,"AAPL",229.789993286133
2024-08-30,"AAPL",229
2024-09-03,"AAPL",222.770004272461
2024-09-04,"AAPL",220.850006103516
2024-09-05,"AAPL",222.380004882812
2024-09-06,"AAPL",220.820007324219
2024-09-09,"AAPL",220.910003662109
2024-09-10,"AAPL",220.110000610352
2024-09-11,"AAPL",222.660003662109
2024-09-12,"AAPL",222.770004272461
2024-09-13,"AAPL",222.5
2024-09-16,"AAPL",216.320007324219
2024-09-17,"AAPL",216.789993286133
2024-09-18,"AAPL",220.690002441406
2024-09-19,"AAPL",228.869995117188
2024-09-20,"AAPL",228.199996948242
2024-09-23,"AAPL",226.470001220703
2024-09-24,"AAPL",227.369995117188
2024-09-25,"AAPL",226.369995117188
2024-09-26,"AAPL",227.520004272461
2024-09-27,"AAPL",227.789993286133
2024-09-30,"AAPL",233
2024-10-01,"AAPL",226.210006713867
2024-10-02,"AAPL",226.779998779297
2024-10-03,"AAPL",225.669998168945
2024-10-04,"AAPL",226.800003051758
2024-10-07,"AAPL",221.690002441406
2024-10-08,"AAPL",225.770004272461
2024-10-09,"AAPL",229.539993286133
2024-10-10,"AAPL",229.039993286133
2024-10-11,"AAPL",227.550003051758
2024-10-14,"AAPL",231.300003051758
2024-10-15,"AAPL",233.850006103516
2024-10-16,"AAPL",231.779998779297
2024-10-17,"AAPL",232.149993896484
2024-10-18,"AAPL",235
2024-10-21,"AAPL",236.479995727539
2024-10-22,"AAPL",235.860000610352
2024-10-23,"AAPL",230.759994506836
2024-10-24,"AAPL",230.570007324219
2024-10-25,"AAPL",231.410003662109
2024-10-28,"AAPL",233.399993896484
2024-10-29,"AAPL",233.669998168945
2024-10-30,"AAPL",230.100006103516
2024-10-31,"AAPL",225.910003662109
2024-11-01,"AAPL",222.910003662109
2024-11-04,"AAPL",222.009994506836
2024-11-05,"AAPL",223.449996948242
2024-11-06,"AAPL",222.720001220703
2024-11-07,"AAPL",227.479995727539
2024-11-08,"AAPL",226.960006713867
2024-11-11,"AAPL",224.229995727539
2024-11-12,"AAPL",224.229995727539
2024-11-13,"AAPL",225.119995117188
2024-11-14,"AAPL",228.220001220703
2024-11-15,"AAPL",225
2024-11-18,"AAPL",228.020004272461
2024-11-19,"AAPL",228.279998779297
2024-11-20,"AAPL",229
2024-11-21,"AAPL",228.520004272461
2024-11-22,"AAPL",229.869995117188
2024-11-25,"AAPL",232.869995117188
2024-11-26,"AAPL",235.059997558594
2024-11-27,"AAPL",234.929992675781
2024-11-29,"AAPL",237.330001831055
2024-12-02,"AAPL",239.589996337891
2024-12-03,"AAPL",242.649993896484
2024-12-04,"AAPL",243.009994506836
2024-12-05,"AAPL",243.039993286133
2024-12-06,"AAPL",242.839996337891
2024-12-09,"AAPL",246.75
2024-12-10,"AAPL",247.770004272461
2024-12-11,"AAPL",246.490005493164
2024-12-12,"AAPL",247.960006713867
2024-12-13,"AAPL",248.130004882812
2024-12-16,"AAPL",251.039993286133
2024-12-17,"AAPL",253.479995727539
2024-12-18,"AAPL",248.050003051758
2024-12-19,"AAPL",249.789993286133
2024-12-20,"AAPL",254.490005493164
2024-12-23,"AAPL",255.270004272461
2024-12-24,"AAPL",258.200012207031
2024-12-26,"AAPL",259.019989013672
2024-12-27,"AAPL",255.589996337891
2024-12-30,"AAPL",252.199996948242
2024-12-31,"AAPL",250.419998168945
2025-01-02,"AAPL",243.850006103516
2025-01-03,"AAPL",243.360000610352
2025-01-06,"AAPL",245
2025-01-07,"AAPL",242.210006713867
2025-01-08,"AAPL",242.699996948242
2025-01-10,"AAPL",236.850006103516
2025-01-13,"AAPL",234.399993896484
2025-01-14,"AAPL",233.279998779297
2025-01-15,"AAPL",237.869995117188
2025-01-16,"AAPL",228.259994506836
2025-01-17,"AAPL",229.979995727539
2025-01-21,"AAPL",222.639999389648
2025-01-22,"AAPL",223.830001831055
2025-01-23,"AAPL",223.660003662109
2025-01-24,"AAPL",222.779998779297
2025-01-27,"AAPL",229.860000610352
2025-01-28,"AAPL",238.259994506836
2025-01-29,"AAPL",239.360000610352
2025-01-30,"AAPL",237.589996337891
2025-01-31,"AAPL",236
2025-02-03,"AAPL",228.009994506836
2025-02-04,"AAPL",232.800003051758
2025-02-05,"AAPL",232.470001220703
2025-02-06,"AAPL",233.220001220703
2025-02-07,"AAPL",227.630004882812
2025-02-10,"AAPL",227.649993896484
2025-02-11,"AAPL",232.619995117188
2025-02-12,"AAPL",236.869995117188
2025-02-13,"AAPL",241.529998779297
2025-02-14,"AAPL",244.600006103516
2025-02-18,"AAPL",244.470001220703
2025-02-19,"AAPL",244.869995117188
2025-02-20,"AAPL",245.830001831055
2025-02-21,"AAPL",245.550003051758
2025-02-24,"AAPL",247.100006103516
2025-02-25,"AAPL",247.039993286133
2025-02-26,"AAPL",240.360000610352
2025-02-27,"AAPL",237.300003051758
2025-02-28,"AAPL",241.839996337891
2025-03-03,"AAPL",238.029998779297
2025-03-04,"AAPL",235.929992675781
2025-03-05,"AAPL",235.740005493164
2025-03-06,"AAPL",235.330001831055
2025-03-07,"AAPL",239.070007324219
2025-03-10,"AAPL",227.479995727539
2025-03-11,"AAPL",220.839996337891
2025-03-12,"AAPL",216.979995727539
2025-03-13,"AAPL",209.679992675781
2025-03-14,"AAPL",213.490005493164
2025-03-17,"AAPL",214
2025-03-18,"AAPL",212.690002441406
2025-03-19,"AAPL",215.240005493164
2025-03-20,"AAPL",214.100006103516
2025-03-21,"AAPL",218.270004272461
2025-03-24,"AAPL",220.729995727539
2025-03-25,"AAPL",223.75
2025-03-26,"AAPL",221.529998779297
2025-03-27,"AAPL",223.850006103516
2025-03-28,"AAPL",217.899993896484
2025-03-31,"AAPL",222.130004882812
2025-04-01,"AAPL",223.190002441406
2025-04-02,"AAPL",223.889999389648
2025-04-03,"AAPL",203.190002441406
2025-04-04,"AAPL",188.380004882812
2025-04-07,"AAPL",181.460006713867
2025-04-08,"AAPL",172.419998168945
2025-04-09,"AAPL",198.850006103516
2025-04-10,"AAPL",190.419998168945
2025-04-11,"AAPL",198.149993896484
2025-04-14,"AAPL",202.520004272461
2025-04-15,"AAPL",202.139999389648
2025-04-16,"AAPL",194.270004272461
2025-04-17,"AAPL",196.979995727539
2025-04-21,"AAPL",193.160003662109
2025-04-22,"AAPL",199.740005493164
2025-04-23,"AAPL",204.600006103516
2025-04-24,"AAPL",208.369995117188
2025-04-25,"AAPL",209.279998779297
2025-04-28,"AAPL",210.139999389648
2025-04-29,"AAPL",211.210006713867
2025-04-30,"AAPL",212.5
2025-05-01,"AAPL",213.320007324219
2025-05-02,"AAPL",205.350006103516
2025-05-05,"AAPL",198.889999389648
2025-05-06,"AAPL",198.509994506836
2025-05-07,"AAPL",196.25
2025-05-08,"AAPL",197.490005493164
2025-05-09,"AAPL",198.529998779297
2025-05-12,"AAPL",210.789993286133
2025-05-13,"AAPL",212.929992675781
2025-05-14,"AAPL",212.330001831055
2025-05-15,"AAPL",211.449996948242
2025-05-16,"AAPL",211.259994506836
2025-05-19,"AAPL",208.779998779297
2025-05-20,"AAPL",206.860000610352
2025-05-21,"AAPL",202.089996337891
2025-05-22,"AAPL",201.360000610352
2025-05-23,"AAPL",195.270004272461
2025-05-27,"AAPL",200.210006713867
2025-05-28,"AAPL",200.419998168945
2025-05-29,"AAPL",199.949996948242
2025-05-30,"AAPL",200.850006103516
2025-06-02,"AAPL",201.699996948242
2025-06-03,"AAPL",203.270004272461
2025-06-04,"AAPL",202.820007324219
2025-06-05,"AAPL",200.630004882812
2025-06-06,"AAPL",203.919998168945
2025-06-09,"AAPL",201.449996948242
2025-06-10,"AAPL",202.669998168945
2025-06-11,"AAPL",198.779998779297
2025-06-12,"AAPL",199.199996948242
2025-06-13,"AAPL",196.449996948242
2025-06-16,"AAPL",198.419998168945
2025-06-17,"AAPL",195.639999389648
2025-06-18,"AAPL",196.580001831055
2025-06-20,"AAPL",201
2025-06-23,"AAPL",201.5
2025-06-24,"AAPL",200.300003051758
2025-06-25,"AAPL",201.559997558594
2025-06-26,"AAPL",201
2025-06-27,"AAPL",201.080001831055
2025-06-30,"AAPL",205.169998168945
2025-07-01,"AAPL",207.820007324219
2025-07-02,"AAPL",212.440002441406
2025-07-03,"AAPL",213.550003051758
2025-07-07,"AAPL",209.949996948242
2025-07-08,"AAPL",210.009994506836
2025-07-09,"AAPL",211.139999389648
2025-07-10,"AAPL",212.410003662109
2025-07-11,"AAPL",211.160003662109
2025-07-14,"AAPL",208.619995117188
2025-07-15,"AAPL",209.110000610352
2025-07-16,"AAPL",210.160003662109
2025-07-17,"AAPL",210.020004272461
2025-07-18,"AAPL",211.179992675781
2025-07-21,"AAPL",212.479995727539
2025-07-22,"AAPL",214.399993896484
2025-07-23,"AAPL",214.149993896484
2025-07-24,"AAPL",213.759994506836
2025-07-25,"AAPL",213.880004882812
2025-07-28,"AAPL",214.050003051758
2025-07-29,"AAPL",211.270004272461
2025-07-30,"AAPL",209.050003051758
2025-07-31,"AAPL",207.570007324219
2025-08-01,"AAPL",202.380004882812
2025-08-04,"AAPL",203.350006103516
2025-08-05,"AAPL",202.919998168945
2025-08-06,"AAPL",213.25
2025-08-07,"AAPL",220.029998779297
2025-08-08,"AAPL",229.350006103516
2025-08-11,"AAPL",227.179992675781
2025-08-12,"AAPL",229.649993896484
2025-08-13,"AAPL",233.330001831055
2025-08-14,"AAPL",232.779998779297
2025-08-15,"AAPL",231.589996337891
2025-08-18,"AAPL",230.889999389648
2025-08-19,"AAPL",230.559997558594
2025-08-20,"AAPL",226.009994506836
2025-08-21,"AAPL",224.899993896484
2025-08-22,"AAPL",227.759994506836
2025-08-25,"AAPL",227.160003662109
2025-08-26,"AAPL",229.309997558594
2025-08-27,"AAPL",230.490005493164
2025-08-28,"AAPL",232.559997558594
2025-08-29,"AAPL",232.139999389648
2025-09-02,"AAPL",229.720001220703
2025-09-03,"AAPL",238.470001220703
2025-09-04,"AAPL",239.779998779297
2025-09-05,"AAPL",239.690002441406
2025-09-08,"AAPL",237.880004882812
2025-09-09,"AAPL",234.350006103516
2025-09-10,"AAPL",226.789993286133
2025-09-11,"AAPL",230.029998779297
2025-09-12,"AAPL",234.070007324219
2025-09-15,"AAPL",236.699996948242
2025-09-16,"AAPL",238.149993896484
2025-09-17,"AAPL",238.990005493164
2025-09-18,"AAPL",237.880004882812
2025-09-19,"AAPL",245.5
2025-09-22,"AAPL",256.079986572266
2025-09-23,"AAPL",254.429992675781
2025-09-24,"AAPL",252.309997558594
2025-09-25,"AAPL",256.869995117188
2025-09-26,"AAPL",255.460006713867
2025-09-29,"AAPL",254.429992675781
2025-09-30,"AAPL",254.630004882812
2025-10-01,"AAPL",255.449996948242
2025-10-02,"AAPL",257.130004882812
2025-10-03,"AAPL",258.019989013672
2025-10-06,"AAPL",256.690002441406
2025-10-07,"AAPL",256.480010986328
2025-10-08,"AAPL",258.059997558594
2025-10-09,"AAPL",254.039993286133
2025-10-10,"AAPL",245.270004272461
2025-10-13,"AAPL",247.660003662109
2025-10-14,"AAPL",247.770004272461
2025-10-15,"AAPL",249.339996337891
2025-10-16,"AAPL",247.449996948242
2025-10-17,"AAPL",252.289993286133
2025-10-20,"AAPL",262.239990234375
2025-10-21,"AAPL",262.769989013672
2025-10-22,"AAPL",258.450012207031
2025-10-23,"AAPL",259.579986572266
2025-10-24,"AAPL",262.820007324219
2025-10-27,"AAPL",268.809997558594
2025-10-28,"AAPL",269
2025-10-29,"AAPL",269.700012207031
2025-10-30,"AAPL",271.399993896484
2025-10-31,"AAPL",270.369995117188
2025-11-03,"AAPL",269.049987792969
2025-11-04,"AAPL",270.040008544922
2025-11-05,"AAPL",270.140014648438
2025-11-06,"AAPL",269.769989013672
2025-11-07,"AAPL",268.470001220703
2025-11-10,"AAPL",269.429992675781
2025-11-11,"AAPL",275.25
2025-11-12,"AAPL",273.470001220703
2025-11-13,"AAPL",272.950012207031
2025-11-14,"AAPL",272.410003662109
2025-11-17,"AAPL",267.459991455078
2025-11-18,"AAPL",267.440002441406
2025-11-19,"AAPL",268.559997558594
2025-11-20,"AAPL",266.25
2025-11-21,"AAPL",271.489990234375
2025-11-24,"AAPL",275.920013427734
2025-11-25,"AAPL",276.970001220703
2025-11-26,"AAPL",277.549987792969
2025-11-28,"AAPL",278.850006103516
2025-12-01,"AAPL",283.100006103516
2025-12-02,"AAPL",286.190002441406
2025-12-03,"AAPL",284.149993896484
2025-12-04,"AAPL",280.700012207031
2025-12-05,"AAPL",278.779998779297
2025-12-08,"AAPL",277.890014648438
2025-12-09,"AAPL",277.179992675781
2025-12-10,"AAPL",278.779998779297
2025-12-11,"AAPL",278.029998779297
2025-12-12,"AAPL",278.279998779297
2025-12-15,"AAPL",274.109985351562
2025-12-16,"AAPL",274.609985351562
2025-12-17,"AAPL",271.839996337891
2025-12-18,"AAPL",272.190002441406
2025-12-19,"AAPL",273.670013427734
2025-12-22,"AAPL",270.970001220703
2025-12-23,"AAPL",272.359985351562
2025-12-24,"AAPL",273.809997558594
2025-12-26,"AAPL",273.399993896484
2025-12-29,"AAPL",273.760009765625
2025-12-30,"AAPL",273.079986572266
2025-12-31,"AAPL",271.859985351562
2026-01-02,"AAPL",271.010009765625
2026-01-05,"AAPL",267.260009765625
2026-01-06,"AAPL",262.359985351562
2026-01-07,"AAPL",260.329986572266
2026-01-08,"AAPL",259.040008544922
2026-01-09,"AAPL",259.369995117188
2026-01-12,"AAPL",260.25
2026-01-13,"AAPL",261.049987792969
2026-01-14,"AAPL",259.959991455078
2026-01-15,"AAPL",258.209991455078
2026-01-16,"AAPL",255.529998779297
2026-01-20,"AAPL",246.699996948242
2026-01-21,"AAPL",247.649993896484
2026-01-22,"AAPL",248.350006103516
2026-01-23,"AAPL",248.039993286133
2026-01-26,"AAPL",255.410003662109
2026-01-27,"AAPL",258.269989013672
2026-01-28,"AAPL",256.440002441406
2026-01-29,"AAPL",258.279998779297
2026-01-30,"AAPL",259.480010986328
2026-02-02,"AAPL",270.010009765625
2026-02-03,"AAPL",269.480010986328
2026-02-04,"AAPL",276.489990234375
2026-02-05,"AAPL",275.910003662109
2026-02-06,"AAPL",278.119995117188
2026-02-09,"AAPL",274.619995117188
2026-02-10,"AAPL",273.679992675781
2026-02-11,"AAPL",275.5
2026-02-12,"AAPL",261.730010986328
2026-02-13,"AAPL",255.779998779297
2026-02-17,"AAPL",263.880004882812
2026-02-18,"AAPL",264.350006103516
2026-02-19,"AAPL",260.579986572266
2026-02-20,"AAPL",264.579986572266
2026-02-23,"AAPL",266.179992675781
2026-02-24,"AAPL",272.140014648438
2026-02-25,"AAPL",274.230010986328
2026-02-26,"AAPL",272.950012207031
2026-02-27,"AAPL",264.179992675781
2026-03-02,"AAPL",264.720001220703
2026-03-03,"AAPL",263.75
2026-03-04,"AAPL",262.519989013672
2026-03-05,"AAPL",260.290008544922
2026-03-06,"AAPL",257.459991455078
2026-03-09,"AAPL",259.880004882812
2026-03-10,"AAPL",260.829986572266
2026-03-11,"AAPL",260.809997558594
2026-03-12,"AAPL",255.759994506836
2026-03-13,"AAPL",250.119995117188
2026-03-16,"AAPL",252.820007324219
2026-03-17,"AAPL",254.229995727539
2026-03-18,"AAPL",249.940002441406
2026-03-19,"AAPL",248.960006713867
2026-03-20,"AAPL",247.990005493164
2026-03-23,"AAPL",251.490005493164
2026-03-24,"AAPL",251.639999389648
2026-03-25,"AAPL",252.619995117188
2026-03-26,"AAPL",252.889999389648
2026-03-27,"AAPL",248.800003051758
2026-03-30,"AAPL",246.630004882812
2026-03-31,"AAPL",253.789993286133
2026-04-01,"AAPL",255.630004882812
2026-04-02,"AAPL",255.919998168945
2026-04-06,"AAPL",258.859985351562
2026-04-07,"AAPL",253.5
2026-04-08,"AAPL",258.899993896484
2026-04-09,"AAPL",260.489990234375
2026-04-10,"AAPL",260.480010986328
2026-04-13,"AAPL",259.200012207031
2026-04-14,"AAPL",258.829986572266
2026-04-15,"AAPL",266.429992675781
2026-04-16,"AAPL",263.399993896484
2026-04-17,"AAPL",270.230010986328
2026-04-20,"AAPL",273.049987792969
2026-04-21,"AAPL",266.170013427734
2026-04-22,"AAPL",273.170013427734
2026-04-23,"AAPL",273.429992675781
2026-04-24,"AAPL",271.059997558594
2026-04-27,"AAPL",267.609985351562
2026-04-28,"AAPL",270.709991455078
2026-04-29,"AAPL",270.170013427734
2026-04-30,"AAPL",271.350006103516
2026-05-01,"AAPL",280.140014648438
2026-05-04,"AAPL",276.829986572266
2026-05-05,"AAPL",284.179992675781
2026-05-06,"AAPL",287.510009765625
2026-05-07,"AAPL",287.440002441406
2026-05-08,"AAPL",293.320007324219
2026-05-11,"AAPL",292.679992675781
2026-05-12,"AAPL",294.799987792969
2026-05-13,"AAPL",298.869995117188
2026-05-14,"AAPL",298.209991455078
2026-05-15,"AAPL",300.230010986328
2026-05-18,"AAPL",297.839996337891
2026-05-19,"AAPL",298.970001220703
2026-05-20,"AAPL",302.25
2026-05-21,"AAPL",304.989990234375
2026-05-22,"AAPL",308.820007324219
2026-05-26,"AAPL",308.329986572266
2026-05-27,"AAPL",310.850006103516
2026-05-28,"AAPL",312.510009765625
2026-05-29,"AAPL",312.059997558594
2026-06-01,"AAPL",306.309997558594
2026-06-02,"AAPL",315.200012207031
2026-06-03,"AAPL",310.260009765625
2026-06-04,"AAPL",311.230010986328
2026-06-05,"AAPL",307.339996337891
2026-06-08,"AAPL",301.540008544922
2026-06-09,"AAPL",290.549987792969
2026-06-10,"AAPL",291.579986572266
2026-06-11,"AAPL",295.630004882812
2026-06-12,"AAPL",291.130004882812
2026-06-15,"AAPL",296.420013427734
2026-06-16,"AAPL",299.239990234375
2026-06-17,"AAPL",295.950012207031
2026-06-18,"AAPL",298.010009765625
2026-06-22,"AAPL",297.010009765625
2026-06-23,"AAPL",294.299987792969
2026-06-24,"AAPL",293.079986572266
2026-06-25,"AAPL",275.149993896484
2026-06-26,"AAPL",283.779998779297
2026-06-29,"AAPL",281.739990234375
2026-06-30,"AAPL",289.359985351562
2026-07-01,"AAPL",294.380004882812
2026-07-02,"AAPL",308.630004882812
2026-07-06,"AAPL",312.660003662109
2026-07-07,"AAPL",310.660003662109
2026-07-08,"AAPL",313.390014648438
2026-07-09,"AAPL",316.220001220703
2026-07-10,"AAPL",315.320007324219
2026-07-13,"AAPL",317.309997558594
2026-07-14,"AAPL",314.859985351562
2026-07-15,"AAPL",327.5
2026-07-16,"AAPL",333.260009765625
2026-07-17,"AAPL",333.739990234375
2026-07-20,"AAPL",326.589996337891
2026-07-21,"AAPL",327.739990234375
2026-07-22,"AAPL",325.890014648438
2026-07-23,"AAPL",321.660003662109
2026-07-24,"AAPL",333.019989013672
2026-07-27,"AAPL",336.910003662109
2026-07-28,"AAPL",340.079986572266
2026-07-29,"AAPL",338.190002441406
2026-07-30,"AAPL",333.429992675781
2026-07-31,"AAPL",308.910003662109
2026-08-03,"AAPL",303.420013427734
2026-08-04,"AAPL",309.380004882812
2026-08-05,"AAPL",311
2026-08-06,"AAPL",312.410003662109
2026-08-07,"AAPL",313.329986572266
2026-08-10,"AAPL",308.260009765625
2026-08-11,"AAPL",304.910003662109
2026-08-12,"AAPL",302.25
2026-08-13,"AAPL",305.260009765625
2026-08-14,"AAPL",305.929992675781
2026-08-17,"AAPL",305.589996337891
2026-08-18,"AAPL",310.029998779297
2026-08-19,"AAPL",316.829986572266
2026-08-20,"AAPL",311.299987792969
2026-08-21,"AAPL",309.350006103516
2026-08-24,"AAPL",310.339996337891
2026-08-25,"AAPL",309.899993896484
2026-08-26,"AAPL",313.450012207031
2026-08-27,"AAPL",314.579986572266
2026-08-28,"AAPL",319.700012207031
2026-08-31,"AAPL",316.850006103516
2026-09-01,"AAPL",325.130004882812
2026-09-02,"AAPL",324.959991455078
2026-09-03,"AAPL",328.209991455078
2026-09-04,"AAPL",319.970001220703
2026-09-08,"AAPL",316.220001220703
2026-09-09,"AAPL",315.339996337891
2026-09-10,"AAPL",326.570007324219
2026-09-11,"AAPL",332.269989013672
2026-09-14,"AAPL",333.079986572266
2026-09-15,"AAPL",331.339996337891
2026-09-16,"AAPL",332.410003662109
2022-01-03,"AMZN",170.404495239258
2022-01-04,"AMZN",167.522003173828
2022-01-05,"AMZN",164.356994628906
2022-01-06,"AMZN",163.253997802734
2022-01-07,"AMZN",162.554000854492
2022-01-10,"AMZN",161.485992431641
2022-01-11,"AMZN",165.361999511719
2022-01-12,"AMZN",165.207000732422
2022-01-13,"AMZN",161.214004516602
2022-01-14,"AMZN",162.138000488281
2022-01-18,"AMZN",158.917495727539
2022-01-19,"AMZN",156.29899597168
2022-01-20,"AMZN",151.667495727539
2022-01-21,"AMZN",142.643005371094
2022-01-24,"AMZN",144.544006347656
2022-01-25,"AMZN",139.985992431641
2022-01-26,"AMZN",138.872497558594
2022-01-27,"AMZN",139.637496948242
2022-01-28,"AMZN",143.977996826172
2022-01-31,"AMZN",149.573501586914
2022-02-01,"AMZN",151.193496704102
2022-02-02,"AMZN",150.612503051758
2022-02-03,"AMZN",138.845504760742
2022-02-04,"AMZN",157.639495849609
2022-02-07,"AMZN",157.935501098633
2022-02-08,"AMZN",161.413497924805
2022-02-09,"AMZN",161.189498901367
2022-02-10,"AMZN",159.003494262695
2022-02-11,"AMZN",153.293502807617
2022-02-14,"AMZN",155.167007446289
2022-02-15,"AMZN",156.510498046875
2022-02-16,"AMZN",158.100494384766
2022-02-17,"AMZN",154.652496337891
2022-02-18,"AMZN",152.601501464844
2022-02-22,"AMZN",150.197494506836
2022-02-23,"AMZN",144.826995849609
2022-02-24,"AMZN",151.358001708984
2022-02-25,"AMZN",153.788497924805
2022-02-28,"AMZN",153.563003540039
2022-03-01,"AMZN",151.141998291016
2022-03-02,"AMZN",152.052505493164
2022-03-03,"AMZN",147.898498535156
2022-03-04,"AMZN",145.641006469727
2022-03-07,"AMZN",137.453002929688
2022-03-08,"AMZN",136.014495849609
2022-03-09,"AMZN",139.279006958008
2022-03-10,"AMZN",146.817504882812
2022-03-11,"AMZN",145.524505615234
2022-03-14,"AMZN",141.852996826172
2022-03-15,"AMZN",147.366500854492
2022-03-16,"AMZN",153.10400390625
2022-03-17,"AMZN",157.238998413086
2022-03-18,"AMZN",161.250503540039
2022-03-21,"AMZN",161.491500854492
2022-03-22,"AMZN",164.889007568359
2022-03-23,"AMZN",163.408004760742
2022-03-24,"AMZN",163.649505615234
2022-03-25,"AMZN",164.773498535156
2022-03-28,"AMZN",168.990493774414
2022-03-29,"AMZN",169.315002441406
2022-03-30,"AMZN",166.300994873047
2022-03-31,"AMZN",162.997497558594
2022-04-01,"AMZN",163.559997558594
2022-04-04,"AMZN",168.346496582031
2022-04-05,"AMZN",164.054992675781
2022-04-06,"AMZN",158.755996704102
2022-04-07,"AMZN",157.78450012207
2022-04-08,"AMZN",154.460494995117
2022-04-11,"AMZN",151.121994018555
2022-04-12,"AMZN",150.787506103516
2022-04-13,"AMZN",155.541000366211
2022-04-14,"AMZN",151.706497192383
2022-04-18,"AMZN",152.785003662109
2022-04-19,"AMZN",158.115493774414
2022-04-20,"AMZN",153.998001098633
2022-04-21,"AMZN",148.296005249023
2022-04-22,"AMZN",144.350006103516
2022-04-25,"AMZN",146.074005126953
2022-04-26,"AMZN",139.391006469727
2022-04-27,"AMZN",138.167007446289
2022-04-28,"AMZN",144.596496582031
2022-04-29,"AMZN",124.28150177002
2022-05-02,"AMZN",124.5
2022-05-03,"AMZN",124.25350189209
2022-05-04,"AMZN",125.928497314453
2022-05-05,"AMZN",116.406997680664
2022-05-06,"AMZN",114.772499084473
2022-05-09,"AMZN",108.789001464844
2022-05-10,"AMZN",108.859001159668
2022-05-11,"AMZN",105.372001647949
2022-05-12,"AMZN",106.93049621582
2022-05-13,"AMZN",113.055000305176
2022-05-16,"AMZN",110.810501098633
2022-05-17,"AMZN",115.368499755859
2022-05-18,"AMZN",107.112503051758
2022-05-19,"AMZN",107.319000244141
2022-05-20,"AMZN",107.591003417969
2022-05-23,"AMZN",107.556999206543
2022-05-24,"AMZN",104.099998474121
2022-05-25,"AMZN",106.775001525879
2022-05-26,"AMZN",111.077499389648
2022-05-27,"AMZN",115.146499633789
2022-05-31,"AMZN",120.209503173828
2022-06-01,"AMZN",121.68399810791
2022-06-02,"AMZN",125.511001586914
2022-06-03,"AMZN",122.349998474121
2022-06-06,"AMZN",124.790000915527
2022-06-07,"AMZN",123
2022-06-08,"AMZN",121.180000305176
2022-06-09,"AMZN",116.150001525879
2022-06-10,"AMZN",109.650001525879
2022-06-13,"AMZN",103.669998168945
2022-06-14,"AMZN",102.309997558594
2022-06-15,"AMZN",107.669998168945
2022-06-16,"AMZN",103.660003662109
2022-06-17,"AMZN",106.220001220703
2022-06-21,"AMZN",108.680000305176
2022-06-22,"AMZN",108.949996948242
2022-06-23,"AMZN",112.440002441406
2022-06-24,"AMZN",116.459999084473
2022-06-27,"AMZN",113.220001220703
2022-06-28,"AMZN",107.400001525879
2022-06-29,"AMZN",108.919998168945
2022-06-30,"AMZN",106.209999084473
2022-07-01,"AMZN",109.559997558594
2022-07-05,"AMZN",113.5
2022-07-06,"AMZN",114.330001831055
2022-07-07,"AMZN",116.330001831055
2022-07-08,"AMZN",115.540000915527
2022-07-11,"AMZN",111.75
2022-07-12,"AMZN",109.220001220703
2022-07-13,"AMZN",110.400001525879
2022-07-14,"AMZN",110.629997253418
2022-07-15,"AMZN",113.550003051758
2022-07-18,"AMZN",113.76000213623
2022-07-19,"AMZN",118.209999084473
2022-07-20,"AMZN",122.769996643066
2022-07-21,"AMZN",124.629997253418
2022-07-22,"AMZN",122.419998168945
2022-07-25,"AMZN",121.139999389648
2022-07-26,"AMZN",114.809997558594
2022-07-27,"AMZN",120.970001220703
2022-07-28,"AMZN",122.279998779297
2022-07-29,"AMZN",134.949996948242
2022-08-01,"AMZN",135.389999389648
2022-08-02,"AMZN",134.160003662109
2022-08-03,"AMZN",139.520004272461
2022-08-04,"AMZN",142.570007324219
2022-08-05,"AMZN",140.800003051758
2022-08-08,"AMZN",139.410003662109
2022-08-09,"AMZN",137.830001831055
2022-08-10,"AMZN",142.690002441406
2022-08-11,"AMZN",140.639999389648
2022-08-12,"AMZN",143.550003051758
2022-08-15,"AMZN",143.179992675781
2022-08-16,"AMZN",144.779998779297
2022-08-17,"AMZN",142.100006103516
2022-08-18,"AMZN",142.300003051758
2022-08-19,"AMZN",138.229995727539
2022-08-22,"AMZN",133.220001220703
2022-08-23,"AMZN",133.619995117188
2022-08-24,"AMZN",133.800003051758
2022-08-25,"AMZN",137.279998779297
2022-08-26,"AMZN",130.75
2022-08-29,"AMZN",129.789993286133
2022-08-30,"AMZN",128.729995727539
2022-08-31,"AMZN",126.769996643066
2022-09-01,"AMZN",127.819999694824
2022-09-02,"AMZN",127.51000213623
2022-09-06,"AMZN",126.110000610352
2022-09-07,"AMZN",129.479995727539
2022-09-08,"AMZN",129.820007324219
2022-09-09,"AMZN",133.270004272461
2022-09-12,"AMZN",136.449996948242
2022-09-13,"AMZN",126.819999694824
2022-09-14,"AMZN",128.550003051758
2022-09-15,"AMZN",126.279998779297
2022-09-16,"AMZN",123.529998779297
2022-09-19,"AMZN",124.660003662109
2022-09-20,"AMZN",122.190002441406
2022-09-21,"AMZN",118.540000915527
2022-09-22,"AMZN",117.309997558594
2022-09-23,"AMZN",113.779998779297
2022-09-26,"AMZN",115.150001525879
2022-09-27,"AMZN",114.410003662109
2022-09-28,"AMZN",118.01000213623
2022-09-29,"AMZN",114.800003051758
2022-09-30,"AMZN",113
2022-10-03,"AMZN",115.879997253418
2022-10-04,"AMZN",121.089996337891
2022-10-05,"AMZN",120.949996948242
2022-10-06,"AMZN",120.300003051758
2022-10-07,"AMZN",114.559997558594
2022-10-10,"AMZN",113.669998168945
2022-10-11,"AMZN",112.209999084473
2022-10-12,"AMZN",112.900001525879
2022-10-13,"AMZN",112.529998779297
2022-10-14,"AMZN",106.900001525879
2022-10-17,"AMZN",113.790000915527
2022-10-18,"AMZN",116.360000610352
2022-10-19,"AMZN",115.069999694824
2022-10-20,"AMZN",115.25
2022-10-21,"AMZN",119.319999694824
2022-10-24,"AMZN",119.819999694824
2022-10-25,"AMZN",120.599998474121
2022-10-26,"AMZN",115.660003662109
2022-10-27,"AMZN",110.959999084473
2022-10-28,"AMZN",103.410003662109
2022-10-31,"AMZN",102.440002441406
2022-11-01,"AMZN",96.7900009155273
2022-11-02,"AMZN",92.120002746582
2022-11-03,"AMZN",89.3000030517578
2022-11-04,"AMZN",90.9800033569336
2022-11-07,"AMZN",90.5299987792969
2022-11-08,"AMZN",89.9800033569336
2022-11-09,"AMZN",86.1399993896484
2022-11-10,"AMZN",96.629997253418
2022-11-11,"AMZN",100.790000915527
2022-11-14,"AMZN",98.4899978637695
2022-11-15,"AMZN",98.9400024414062
2022-11-16,"AMZN",97.120002746582
2022-11-17,"AMZN",94.8499984741211
2022-11-18,"AMZN",94.1399993896484
2022-11-21,"AMZN",92.4599990844727
2022-11-22,"AMZN",93.1999969482422
2022-11-23,"AMZN",94.129997253418
2022-11-25,"AMZN",93.4100036621094
2022-11-28,"AMZN",93.9499969482422
2022-11-29,"AMZN",92.4199981689453
2022-11-30,"AMZN",96.5400009155273
2022-12-01,"AMZN",95.5
2022-12-02,"AMZN",94.129997253418
2022-12-05,"AMZN",91.0100021362305
2022-12-06,"AMZN",88.25
2022-12-07,"AMZN",88.4599990844727
2022-12-08,"AMZN",90.3499984741211
2022-12-09,"AMZN",89.0899963378906
2022-12-12,"AMZN",90.5500030517578
2022-12-13,"AMZN",92.4899978637695
2022-12-14,"AMZN",91.5800018310547
2022-12-15,"AMZN",88.4499969482422
2022-12-16,"AMZN",87.8600006103516
2022-12-19,"AMZN",84.9199981689453
2022-12-20,"AMZN",85.1900024414062
2022-12-21,"AMZN",86.7699966430664
2022-12-22,"AMZN",83.7900009155273
2022-12-23,"AMZN",85.25
2022-12-27,"AMZN",83.0400009155273
2022-12-28,"AMZN",81.8199996948242
2022-12-29,"AMZN",84.1800003051758
2022-12-30,"AMZN",84
2023-01-03,"AMZN",85.8199996948242
2023-01-04,"AMZN",85.1399993896484
2023-01-05,"AMZN",83.120002746582
2023-01-06,"AMZN",86.0800018310547
2023-01-09,"AMZN",87.3600006103516
2023-01-10,"AMZN",89.870002746582
2023-01-11,"AMZN",95.0899963378906
2023-01-12,"AMZN",95.2699966430664
2023-01-13,"AMZN",98.120002746582
2023-01-17,"AMZN",96.0500030517578
2023-01-18,"AMZN",95.4599990844727
2023-01-19,"AMZN",93.6800003051758
2023-01-20,"AMZN",97.25
2023-01-23,"AMZN",97.5199966430664
2023-01-24,"AMZN",96.3199996948242
2023-01-25,"AMZN",97.1800003051758
2023-01-26,"AMZN",99.2200012207031
2023-01-27,"AMZN",102.23999786377
2023-01-30,"AMZN",100.550003051758
2023-01-31,"AMZN",103.129997253418
2023-02-01,"AMZN",105.150001525879
2023-02-02,"AMZN",112.910003662109
2023-02-03,"AMZN",103.389999389648
2023-02-06,"AMZN",102.180000305176
2023-02-07,"AMZN",102.110000610352
2023-02-08,"AMZN",100.050003051758
2023-02-09,"AMZN",98.2399978637695
2023-02-10,"AMZN",97.6100006103516
2023-02-13,"AMZN",99.5400009155273
2023-02-14,"AMZN",99.6999969482422
2023-02-15,"AMZN",101.160003662109
2023-02-16,"AMZN",98.1500015258789
2023-02-17,"AMZN",97.1999969482422
2023-02-21,"AMZN",94.5800018310547
2023-02-22,"AMZN",95.7900009155273
2023-02-23,"AMZN",95.8199996948242
2023-02-24,"AMZN",93.5
2023-02-27,"AMZN",93.7600021362305
2023-02-28,"AMZN",94.2300033569336
2023-03-01,"AMZN",92.1699981689453
2023-03-02,"AMZN",92.129997253418
2023-03-03,"AMZN",94.9000015258789
2023-03-06,"AMZN",93.75
2023-03-07,"AMZN",93.5500030517578
2023-03-08,"AMZN",93.9199981689453
2023-03-09,"AMZN",92.25
2023-03-10,"AMZN",90.7300033569336
2023-03-13,"AMZN",92.4300003051758
2023-03-14,"AMZN",94.879997253418
2023-03-15,"AMZN",96.1999969482422
2023-03-16,"AMZN",100.040000915527
2023-03-17,"AMZN",98.9499969482422
2023-03-20,"AMZN",97.7099990844727
2023-03-21,"AMZN",100.610000610352
2023-03-22,"AMZN",98.6999969482422
2023-03-23,"AMZN",98.7099990844727
2023-03-24,"AMZN",98.129997253418
2023-03-27,"AMZN",98.0400009155273
2023-03-28,"AMZN",97.2399978637695
2023-03-29,"AMZN",100.25
2023-03-30,"AMZN",102
2023-03-31,"AMZN",103.290000915527
2023-04-03,"AMZN",102.410003662109
2023-04-04,"AMZN",103.949996948242
2023-04-05,"AMZN",101.099998474121
2023-04-06,"AMZN",102.059997558594
2023-04-10,"AMZN",102.169998168945
2023-04-11,"AMZN",99.9199981689453
2023-04-12,"AMZN",97.8300018310547
2023-04-13,"AMZN",102.400001525879
2023-04-14,"AMZN",102.51000213623
2023-04-17,"AMZN",102.73999786377
2023-04-18,"AMZN",102.300003051758
2023-04-19,"AMZN",104.300003051758
2023-04-20,"AMZN",103.809997558594
2023-04-21,"AMZN",106.959999084473
2023-04-24,"AMZN",106.209999084473
2023-04-25,"AMZN",102.569999694824
2023-04-26,"AMZN",104.980003356934
2023-04-27,"AMZN",109.819999694824
2023-04-28,"AMZN",105.449996948242
2023-05-01,"AMZN",102.050003051758
2023-05-02,"AMZN",103.629997253418
2023-05-03,"AMZN",103.650001525879
2023-05-04,"AMZN",104
2023-05-05,"AMZN",105.660003662109
2023-05-08,"AMZN",105.830001831055
2023-05-09,"AMZN",106.620002746582
2023-05-10,"AMZN",110.190002441406
2023-05-11,"AMZN",112.180000305176
2023-05-12,"AMZN",110.26000213623
2023-05-15,"AMZN",111.199996948242
2023-05-16,"AMZN",113.400001525879
2023-05-17,"AMZN",115.5
2023-05-18,"AMZN",118.150001525879
2023-05-19,"AMZN",116.25
2023-05-22,"AMZN",115.01000213623
2023-05-23,"AMZN",114.98999786377
2023-05-24,"AMZN",116.75
2023-05-25,"AMZN",115
2023-05-26,"AMZN",120.110000610352
2023-05-30,"AMZN",121.660003662109
2023-05-31,"AMZN",120.580001831055
2023-06-01,"AMZN",122.769996643066
2023-06-02,"AMZN",124.25
2023-06-05,"AMZN",125.300003051758
2023-06-06,"AMZN",126.610000610352
2023-06-07,"AMZN",121.230003356934
2023-06-08,"AMZN",124.25
2023-06-09,"AMZN",123.430000305176
2023-06-12,"AMZN",126.569999694824
2023-06-13,"AMZN",126.660003662109
2023-06-14,"AMZN",126.419998168945
2023-06-15,"AMZN",127.110000610352
2023-06-16,"AMZN",125.48999786377
2023-06-20,"AMZN",125.779998779297
2023-06-21,"AMZN",124.830001831055
2023-06-22,"AMZN",130.149993896484
2023-06-23,"AMZN",129.330001831055
2023-06-26,"AMZN",127.330001831055
2023-06-27,"AMZN",129.179992675781
2023-06-28,"AMZN",129.039993286133
2023-06-29,"AMZN",127.900001525879
2023-06-30,"AMZN",130.360000610352
2023-07-03,"AMZN",130.220001220703
2023-07-05,"AMZN",130.380004882812
2023-07-06,"AMZN",128.360000610352
2023-07-07,"AMZN",129.779998779297
2023-07-10,"AMZN",127.129997253418
2023-07-11,"AMZN",128.779998779297
2023-07-12,"AMZN",130.800003051758
2023-07-13,"AMZN",134.300003051758
2023-07-14,"AMZN",134.679992675781
2023-07-17,"AMZN",133.559997558594
2023-07-18,"AMZN",132.830001831055
2023-07-19,"AMZN",135.360000610352
2023-07-20,"AMZN",129.960006713867
2023-07-21,"AMZN",130
2023-07-24,"AMZN",128.800003051758
2023-07-25,"AMZN",129.130004882812
2023-07-26,"AMZN",128.149993896484
2023-07-27,"AMZN",128.25
2023-07-28,"AMZN",132.210006713867
2023-07-31,"AMZN",133.679992675781
2023-08-01,"AMZN",131.690002441406
2023-08-02,"AMZN",128.210006713867
2023-08-03,"AMZN",128.910003662109
2023-08-04,"AMZN",139.570007324219
2023-08-07,"AMZN",142.220001220703
2023-08-08,"AMZN",139.940002441406
2023-08-09,"AMZN",137.850006103516
2023-08-10,"AMZN",138.559997558594
2023-08-11,"AMZN",138.410003662109
2023-08-14,"AMZN",140.570007324219
2023-08-15,"AMZN",137.669998168945
2023-08-16,"AMZN",135.070007324219
2023-08-17,"AMZN",133.979995727539
2023-08-18,"AMZN",133.220001220703
2023-08-21,"AMZN",134.679992675781
2023-08-22,"AMZN",134.25
2023-08-23,"AMZN",135.520004272461
2023-08-24,"AMZN",131.839996337891
2023-08-25,"AMZN",133.259994506836
2023-08-28,"AMZN",133.139999389648
2023-08-29,"AMZN",134.910003662109
2023-08-30,"AMZN",135.070007324219
2023-08-31,"AMZN",138.009994506836
2023-09-01,"AMZN",138.119995117188
2023-09-05,"AMZN",137.270004272461
2023-09-06,"AMZN",135.360000610352
2023-09-07,"AMZN",137.850006103516
2023-09-08,"AMZN",138.229995727539
2023-09-11,"AMZN",143.100006103516
2023-09-12,"AMZN",141.229995727539
2023-09-13,"AMZN",144.850006103516
2023-09-14,"AMZN",144.720001220703
2023-09-15,"AMZN",140.389999389648
2023-09-18,"AMZN",139.979995727539
2023-09-19,"AMZN",137.630004882812
2023-09-20,"AMZN",135.289993286133
2023-09-21,"AMZN",129.330001831055
2023-09-22,"AMZN",129.119995117188
2023-09-25,"AMZN",131.270004272461
2023-09-26,"AMZN",125.980003356934
2023-09-27,"AMZN",125.980003356934
2023-09-28,"AMZN",125.980003356934
2023-09-29,"AMZN",127.120002746582
2023-10-02,"AMZN",129.460006713867
2023-10-03,"AMZN",124.720001220703
2023-10-04,"AMZN",127
2023-10-05,"AMZN",125.959999084473
2023-10-06,"AMZN",127.959999084473
2023-10-09,"AMZN",128.259994506836
2023-10-10,"AMZN",129.479995727539
2023-10-11,"AMZN",131.830001831055
2023-10-12,"AMZN",132.330001831055
2023-10-13,"AMZN",129.789993286133
2023-10-16,"AMZN",132.550003051758
2023-10-17,"AMZN",131.470001220703
2023-10-18,"AMZN",128.130004882812
2023-10-19,"AMZN",128.399993896484
2023-10-20,"AMZN",125.169998168945
2023-10-23,"AMZN",126.559997558594
2023-10-24,"AMZN",128.559997558594
2023-10-25,"AMZN",121.389999389648
2023-10-26,"AMZN",119.569999694824
2023-10-27,"AMZN",127.73999786377
2023-10-30,"AMZN",132.710006713867
2023-10-31,"AMZN",133.089996337891
2023-11-01,"AMZN",137
2023-11-02,"AMZN",138.070007324219
2023-11-03,"AMZN",138.600006103516
2023-11-06,"AMZN",139.740005493164
2023-11-07,"AMZN",142.710006713867
2023-11-08,"AMZN",142.080001831055
2023-11-09,"AMZN",140.600006103516
2023-11-10,"AMZN",143.559997558594
2023-11-13,"AMZN",142.589996337891
2023-11-14,"AMZN",145.800003051758
2023-11-15,"AMZN",143.199996948242
2023-11-16,"AMZN",142.830001831055
2023-11-17,"AMZN",145.179992675781
2023-11-20,"AMZN",146.130004882812
2023-11-21,"AMZN",143.899993896484
2023-11-22,"AMZN",146.710006713867
2023-11-24,"AMZN",146.740005493164
2023-11-27,"AMZN",147.729995727539
2023-11-28,"AMZN",147.029998779297
2023-11-29,"AMZN",146.320007324219
2023-11-30,"AMZN",146.089996337891
2023-12-01,"AMZN",147.029998779297
2023-12-04,"AMZN",144.839996337891
2023-12-05,"AMZN",146.880004882812
2023-12-06,"AMZN",144.520004272461
2023-12-07,"AMZN",146.880004882812
2023-12-08,"AMZN",147.419998168945
2023-12-11,"AMZN",145.889999389648
2023-12-12,"AMZN",147.479995727539
2023-12-13,"AMZN",148.839996337891
2023-12-14,"AMZN",147.419998168945
2023-12-15,"AMZN",149.970001220703
2023-12-18,"AMZN",154.070007324219
2023-12-19,"AMZN",153.789993286133
2023-12-20,"AMZN",152.119995117188
2023-12-21,"AMZN",153.839996337891
2023-12-22,"AMZN",153.419998168945
2023-12-26,"AMZN",153.410003662109
2023-12-27,"AMZN",153.339996337891
2023-12-28,"AMZN",153.380004882812
2023-12-29,"AMZN",151.940002441406
2024-01-02,"AMZN",149.929992675781
2024-01-03,"AMZN",148.470001220703
2024-01-04,"AMZN",144.570007324219
2024-01-05,"AMZN",145.240005493164
2024-01-08,"AMZN",149.100006103516
2024-01-09,"AMZN",151.369995117188
2024-01-10,"AMZN",153.729995727539
2024-01-11,"AMZN",155.179992675781
2024-01-12,"AMZN",154.619995117188
2024-01-16,"AMZN",153.160003662109
2024-01-17,"AMZN",151.710006713867
2024-01-18,"AMZN",153.5
2024-01-19,"AMZN",155.339996337891
2024-01-22,"AMZN",154.779998779297
2024-01-23,"AMZN",156.020004272461
2024-01-24,"AMZN",156.869995117188
2024-01-25,"AMZN",157.75
2024-01-26,"AMZN",159.119995117188
2024-01-29,"AMZN",161.259994506836
2024-01-30,"AMZN",159
2024-01-31,"AMZN",155.199996948242
2024-02-01,"AMZN",159.279998779297
2024-02-02,"AMZN",171.809997558594
2024-02-05,"AMZN",170.309997558594
2024-02-06,"AMZN",169.149993896484
2024-02-07,"AMZN",170.529998779297
2024-02-08,"AMZN",169.839996337891
2024-02-09,"AMZN",174.449996948242
2024-02-12,"AMZN",172.339996337891
2024-02-13,"AMZN",168.639999389648
2024-02-14,"AMZN",170.979995727539
2024-02-15,"AMZN",169.800003051758
2024-02-16,"AMZN",169.509994506836
2024-02-20,"AMZN",167.080001831055
2024-02-21,"AMZN",168.589996337891
2024-02-22,"AMZN",174.580001831055
2024-02-23,"AMZN",174.990005493164
2024-02-26,"AMZN",174.729995727539
2024-02-27,"AMZN",173.539993286133
2024-02-28,"AMZN",173.160003662109
2024-02-29,"AMZN",176.759994506836
2024-03-01,"AMZN",178.220001220703
2024-03-04,"AMZN",177.580001831055
2024-03-05,"AMZN",174.119995117188
2024-03-06,"AMZN",173.509994506836
2024-03-07,"AMZN",176.820007324219
2024-03-08,"AMZN",175.350006103516
2024-03-11,"AMZN",171.960006713867
2024-03-12,"AMZN",175.389999389648
2024-03-13,"AMZN",176.559997558594
2024-03-14,"AMZN",178.75
2024-03-15,"AMZN",174.419998168945
2024-03-18,"AMZN",174.479995727539
2024-03-19,"AMZN",175.899993896484
2024-03-20,"AMZN",178.149993896484
2024-03-21,"AMZN",178.149993896484
2024-03-22,"AMZN",178.869995117188
2024-03-25,"AMZN",179.710006713867
2024-03-26,"AMZN",178.300003051758
2024-03-27,"AMZN",179.830001831055
2024-03-28,"AMZN",180.380004882812
2024-04-01,"AMZN",180.970001220703
2024-04-02,"AMZN",180.690002441406
2024-04-03,"AMZN",182.410003662109
2024-04-04,"AMZN",180
2024-04-05,"AMZN",185.070007324219
2024-04-08,"AMZN",185.190002441406
2024-04-09,"AMZN",185.669998168945
2024-04-10,"AMZN",185.949996948242
2024-04-11,"AMZN",189.050003051758
2024-04-12,"AMZN",186.130004882812
2024-04-15,"AMZN",183.619995117188
2024-04-16,"AMZN",183.320007324219
2024-04-17,"AMZN",181.279998779297
2024-04-18,"AMZN",179.220001220703
2024-04-19,"AMZN",174.630004882812
2024-04-22,"AMZN",177.229995727539
2024-04-23,"AMZN",179.539993286133
2024-04-24,"AMZN",176.589996337891
2024-04-25,"AMZN",173.669998168945
2024-04-26,"AMZN",179.619995117188
2024-04-29,"AMZN",180.960006713867
2024-04-30,"AMZN",175
2024-05-01,"AMZN",179
2024-05-02,"AMZN",184.720001220703
2024-05-03,"AMZN",186.210006713867
2024-05-06,"AMZN",188.699996948242
2024-05-07,"AMZN",188.759994506836
2024-05-08,"AMZN",188
2024-05-09,"AMZN",189.5
2024-05-10,"AMZN",187.479995727539
2024-05-13,"AMZN",186.570007324219
2024-05-14,"AMZN",187.070007324219
2024-05-15,"AMZN",185.990005493164
2024-05-16,"AMZN",183.630004882812
2024-05-17,"AMZN",184.699996948242
2024-05-20,"AMZN",183.539993286133
2024-05-21,"AMZN",183.149993896484
2024-05-22,"AMZN",183.130004882812
2024-05-23,"AMZN",181.050003051758
2024-05-24,"AMZN",180.75
2024-05-28,"AMZN",182.149993896484
2024-05-29,"AMZN",182.020004272461
2024-05-30,"AMZN",179.320007324219
2024-05-31,"AMZN",176.440002441406
2024-06-03,"AMZN",178.339996337891
2024-06-04,"AMZN",179.339996337891
2024-06-05,"AMZN",181.279998779297
2024-06-06,"AMZN",185
2024-06-07,"AMZN",184.300003051758
2024-06-10,"AMZN",187.059997558594
2024-06-11,"AMZN",187.229995727539
2024-06-12,"AMZN",186.889999389648
2024-06-13,"AMZN",183.830001831055
2024-06-14,"AMZN",183.660003662109
2024-06-17,"AMZN",184.059997558594
2024-06-18,"AMZN",182.809997558594
2024-06-20,"AMZN",186.100006103516
2024-06-21,"AMZN",189.080001831055
2024-06-24,"AMZN",185.570007324219
2024-06-25,"AMZN",186.339996337891
2024-06-26,"AMZN",193.610000610352
2024-06-27,"AMZN",197.850006103516
2024-06-28,"AMZN",193.25
2024-07-01,"AMZN",197.199996948242
2024-07-02,"AMZN",200
2024-07-03,"AMZN",197.589996337891
2024-07-05,"AMZN",200
2024-07-08,"AMZN",199.289993286133
2024-07-09,"AMZN",199.339996337891
2024-07-10,"AMZN",199.789993286133
2024-07-11,"AMZN",195.050003051758
2024-07-12,"AMZN",194.490005493164
2024-07-15,"AMZN",192.720001220703
2024-07-16,"AMZN",193.020004272461
2024-07-17,"AMZN",187.929992675781
2024-07-18,"AMZN",183.75
2024-07-19,"AMZN",183.130004882812
2024-07-22,"AMZN",182.550003051758
2024-07-23,"AMZN",186.410003662109
2024-07-24,"AMZN",180.830001831055
2024-07-25,"AMZN",179.850006103516
2024-07-26,"AMZN",182.5
2024-07-29,"AMZN",183.199996948242
2024-07-30,"AMZN",181.710006713867
2024-07-31,"AMZN",186.979995727539
2024-08-01,"AMZN",184.070007324219
2024-08-02,"AMZN",167.899993896484
2024-08-05,"AMZN",161.020004272461
2024-08-06,"AMZN",161.929992675781
2024-08-07,"AMZN",162.770004272461
2024-08-08,"AMZN",165.800003051758
2024-08-09,"AMZN",166.940002441406
2024-08-12,"AMZN",166.800003051758
2024-08-13,"AMZN",170.229995727539
2024-08-14,"AMZN",170.100006103516
2024-08-15,"AMZN",177.589996337891
2024-08-16,"AMZN",177.059997558594
2024-08-19,"AMZN",178.220001220703
2024-08-20,"AMZN",178.880004882812
2024-08-21,"AMZN",180.110000610352
2024-08-22,"AMZN",176.130004882812
2024-08-23,"AMZN",177.039993286133
2024-08-26,"AMZN",175.5
2024-08-27,"AMZN",173.119995117188
2024-08-28,"AMZN",170.800003051758
2024-08-29,"AMZN",172.119995117188
2024-08-30,"AMZN",178.5
2024-09-03,"AMZN",176.25
2024-09-04,"AMZN",173.330001831055
2024-09-05,"AMZN",177.889999389648
2024-09-06,"AMZN",171.389999389648
2024-09-09,"AMZN",175.399993896484
2024-09-10,"AMZN",179.550003051758
2024-09-11,"AMZN",184.520004272461
2024-09-12,"AMZN",187
2024-09-13,"AMZN",186.490005493164
2024-09-16,"AMZN",184.889999389648
2024-09-17,"AMZN",186.880004882812
2024-09-18,"AMZN",186.429992675781
2024-09-19,"AMZN",189.869995117188
2024-09-20,"AMZN",191.600006103516
2024-09-23,"AMZN",193.880004882812
2024-09-24,"AMZN",193.960006713867
2024-09-25,"AMZN",192.529998779297
2024-09-26,"AMZN",191.160003662109
2024-09-27,"AMZN",187.970001220703
2024-09-30,"AMZN",186.330001831055
2024-10-01,"AMZN",185.130004882812
2024-10-02,"AMZN",184.759994506836
2024-10-03,"AMZN",181.960006713867
2024-10-04,"AMZN",186.509994506836
2024-10-07,"AMZN",180.800003051758
2024-10-08,"AMZN",182.720001220703
2024-10-09,"AMZN",185.169998168945
2024-10-10,"AMZN",186.649993896484
2024-10-11,"AMZN",188.820007324219
2024-10-14,"AMZN",187.539993286133
2024-10-15,"AMZN",187.690002441406
2024-10-16,"AMZN",186.889999389648
2024-10-17,"AMZN",187.529998779297
2024-10-18,"AMZN",188.990005493164
2024-10-21,"AMZN",189.070007324219
2024-10-22,"AMZN",189.699996948242
2024-10-23,"AMZN",184.710006713867
2024-10-24,"AMZN",186.380004882812
2024-10-25,"AMZN",187.830001831055
2024-10-28,"AMZN",188.389999389648
2024-10-29,"AMZN",190.830001831055
2024-10-30,"AMZN",192.729995727539
2024-10-31,"AMZN",186.399993896484
2024-11-01,"AMZN",197.929992675781
2024-11-04,"AMZN",195.779998779297
2024-11-05,"AMZN",199.5
2024-11-06,"AMZN",207.089996337891
2024-11-07,"AMZN",210.050003051758
2024-11-08,"AMZN",208.179992675781
2024-11-11,"AMZN",206.839996337891
2024-11-12,"AMZN",208.910003662109
2024-11-13,"AMZN",214.100006103516
2024-11-14,"AMZN",211.479995727539
2024-11-15,"AMZN",202.610000610352
2024-11-18,"AMZN",201.699996948242
2024-11-19,"AMZN",204.610000610352
2024-11-20,"AMZN",202.880004882812
2024-11-21,"AMZN",198.380004882812
2024-11-22,"AMZN",197.119995117188
2024-11-25,"AMZN",201.449996948242
2024-11-26,"AMZN",207.860000610352
2024-11-27,"AMZN",205.740005493164
2024-11-29,"AMZN",207.889999389648
2024-12-02,"AMZN",210.710006713867
2024-12-03,"AMZN",213.440002441406
2024-12-04,"AMZN",218.160003662109
2024-12-05,"AMZN",220.550003051758
2024-12-06,"AMZN",227.029998779297
2024-12-09,"AMZN",226.089996337891
2024-12-10,"AMZN",225.039993286133
2024-12-11,"AMZN",230.259994506836
2024-12-12,"AMZN",228.970001220703
2024-12-13,"AMZN",227.460006713867
2024-12-16,"AMZN",232.929992675781
2024-12-17,"AMZN",231.149993896484
2024-12-18,"AMZN",220.520004272461
2024-12-19,"AMZN",223.289993286133
2024-12-20,"AMZN",224.919998168945
2024-12-23,"AMZN",225.059997558594
2024-12-24,"AMZN",229.050003051758
2024-12-26,"AMZN",227.050003051758
2024-12-27,"AMZN",223.75
2024-12-30,"AMZN",221.300003051758
2024-12-31,"AMZN",219.389999389648
2025-01-02,"AMZN",220.220001220703
2025-01-03,"AMZN",224.190002441406
2025-01-06,"AMZN",227.610000610352
2025-01-07,"AMZN",222.110000610352
2025-01-08,"AMZN",222.130004882812
2025-01-10,"AMZN",218.940002441406
2025-01-13,"AMZN",218.460006713867
2025-01-14,"AMZN",217.759994506836
2025-01-15,"AMZN",223.350006103516
2025-01-16,"AMZN",220.660003662109
2025-01-17,"AMZN",225.940002441406
2025-01-21,"AMZN",230.710006713867
2025-01-22,"AMZN",235.009994506836
2025-01-23,"AMZN",235.419998168945
2025-01-24,"AMZN",234.850006103516
2025-01-27,"AMZN",235.419998168945
2025-01-28,"AMZN",238.149993896484
2025-01-29,"AMZN",237.070007324219
2025-01-30,"AMZN",234.639999389648
2025-01-31,"AMZN",237.679992675781
2025-02-03,"AMZN",237.419998168945
2025-02-04,"AMZN",242.059997558594
2025-02-05,"AMZN",236.169998168945
2025-02-06,"AMZN",238.830001831055
2025-02-07,"AMZN",229.149993896484
2025-02-10,"AMZN",233.139999389648
2025-02-11,"AMZN",232.759994506836
2025-02-12,"AMZN",228.929992675781
2025-02-13,"AMZN",230.369995117188
2025-02-14,"AMZN",228.679992675781
2025-02-18,"AMZN",226.649993896484
2025-02-19,"AMZN",226.630004882812
2025-02-20,"AMZN",222.880004882812
2025-02-21,"AMZN",216.580001831055
2025-02-24,"AMZN",212.710006713867
2025-02-25,"AMZN",212.800003051758
2025-02-26,"AMZN",214.350006103516
2025-02-27,"AMZN",208.740005493164
2025-02-28,"AMZN",212.279998779297
2025-03-03,"AMZN",205.020004272461
2025-03-04,"AMZN",203.800003051758
2025-03-05,"AMZN",208.360000610352
2025-03-06,"AMZN",200.699996948242
2025-03-07,"AMZN",199.25
2025-03-10,"AMZN",194.539993286133
2025-03-11,"AMZN",196.589996337891
2025-03-12,"AMZN",198.889999389648
2025-03-13,"AMZN",193.889999389648
2025-03-14,"AMZN",197.949996948242
2025-03-17,"AMZN",195.740005493164
2025-03-18,"AMZN",192.820007324219
2025-03-19,"AMZN",195.539993286133
2025-03-20,"AMZN",194.949996948242
2025-03-21,"AMZN",196.210006713867
2025-03-24,"AMZN",203.259994506836
2025-03-25,"AMZN",205.710006713867
2025-03-26,"AMZN",201.130004882812
2025-03-27,"AMZN",201.360000610352
2025-03-28,"AMZN",192.720001220703
2025-03-31,"AMZN",190.259994506836
2025-04-01,"AMZN",192.169998168945
2025-04-02,"AMZN",196.009994506836
2025-04-03,"AMZN",178.410003662109
2025-04-04,"AMZN",171
2025-04-07,"AMZN",175.259994506836
2025-04-08,"AMZN",170.660003662109
2025-04-09,"AMZN",191.100006103516
2025-04-10,"AMZN",181.220001220703
2025-04-11,"AMZN",184.869995117188
2025-04-14,"AMZN",182.119995117188
2025-04-15,"AMZN",179.589996337891
2025-04-16,"AMZN",174.330001831055
2025-04-17,"AMZN",172.610000610352
2025-04-21,"AMZN",167.320007324219
2025-04-22,"AMZN",173.179992675781
2025-04-23,"AMZN",180.600006103516
2025-04-24,"AMZN",186.539993286133
2025-04-25,"AMZN",188.990005493164
2025-04-28,"AMZN",187.699996948242
2025-04-29,"AMZN",187.389999389648
2025-04-30,"AMZN",184.419998168945
2025-05-01,"AMZN",190.199996948242
2025-05-02,"AMZN",189.979995727539
2025-05-05,"AMZN",186.350006103516
2025-05-06,"AMZN",185.009994506836
2025-05-07,"AMZN",188.710006713867
2025-05-08,"AMZN",192.080001831055
2025-05-09,"AMZN",193.059997558594
2025-05-12,"AMZN",208.639999389648
2025-05-13,"AMZN",211.369995117188
2025-05-14,"AMZN",210.25
2025-05-15,"AMZN",205.169998168945
2025-05-16,"AMZN",205.589996337891
2025-05-19,"AMZN",206.160003662109
2025-05-20,"AMZN",204.070007324219
2025-05-21,"AMZN",201.119995117188
2025-05-22,"AMZN",203.100006103516
2025-05-23,"AMZN",200.990005493164
2025-05-27,"AMZN",206.020004272461
2025-05-28,"AMZN",204.720001220703
2025-05-29,"AMZN",205.699996948242
2025-05-30,"AMZN",205.009994506836
2025-06-02,"AMZN",206.649993896484
2025-06-03,"AMZN",205.710006713867
2025-06-04,"AMZN",207.229995727539
2025-06-05,"AMZN",207.910003662109
2025-06-06,"AMZN",213.570007324219
2025-06-09,"AMZN",216.979995727539
2025-06-10,"AMZN",217.610000610352
2025-06-11,"AMZN",213.199996948242
2025-06-12,"AMZN",213.240005493164
2025-06-13,"AMZN",212.100006103516
2025-06-16,"AMZN",216.100006103516
2025-06-17,"AMZN",214.820007324219
2025-06-18,"AMZN",212.520004272461
2025-06-20,"AMZN",209.690002441406
2025-06-23,"AMZN",208.470001220703
2025-06-24,"AMZN",212.770004272461
2025-06-25,"AMZN",211.990005493164
2025-06-26,"AMZN",217.119995117188
2025-06-27,"AMZN",223.300003051758
2025-06-30,"AMZN",219.389999389648
2025-07-01,"AMZN",220.460006713867
2025-07-02,"AMZN",219.919998168945
2025-07-03,"AMZN",223.410003662109
2025-07-07,"AMZN",223.470001220703
2025-07-08,"AMZN",219.360000610352
2025-07-09,"AMZN",222.539993286133
2025-07-10,"AMZN",222.259994506836
2025-07-11,"AMZN",225.020004272461
2025-07-14,"AMZN",225.690002441406
2025-07-15,"AMZN",226.350006103516
2025-07-16,"AMZN",223.190002441406
2025-07-17,"AMZN",223.880004882812
2025-07-18,"AMZN",226.130004882812
2025-07-21,"AMZN",229.300003051758
2025-07-22,"AMZN",227.470001220703
2025-07-23,"AMZN",228.289993286133
2025-07-24,"AMZN",232.229995727539
2025-07-25,"AMZN",231.440002441406
2025-07-28,"AMZN",232.789993286133
2025-07-29,"AMZN",231.009994506836
2025-07-30,"AMZN",230.190002441406
2025-07-31,"AMZN",234.110000610352
2025-08-01,"AMZN",214.75
2025-08-04,"AMZN",211.649993896484
2025-08-05,"AMZN",213.75
2025-08-06,"AMZN",222.309997558594
2025-08-07,"AMZN",223.130004882812
2025-08-08,"AMZN",222.690002441406
2025-08-11,"AMZN",221.300003051758
2025-08-12,"AMZN",221.470001220703
2025-08-13,"AMZN",224.559997558594
2025-08-14,"AMZN",230.979995727539
2025-08-15,"AMZN",231.029998779297
2025-08-18,"AMZN",231.490005493164
2025-08-19,"AMZN",228.009994506836
2025-08-20,"AMZN",223.809997558594
2025-08-21,"AMZN",221.949996948242
2025-08-22,"AMZN",228.839996337891
2025-08-25,"AMZN",227.940002441406
2025-08-26,"AMZN",228.710006713867
2025-08-27,"AMZN",229.119995117188
2025-08-28,"AMZN",231.600006103516
2025-08-29,"AMZN",229
2025-09-02,"AMZN",225.339996337891
2025-09-03,"AMZN",225.990005493164
2025-09-04,"AMZN",235.679992675781
2025-09-05,"AMZN",232.330001831055
2025-09-08,"AMZN",235.839996337891
2025-09-09,"AMZN",238.240005493164
2025-09-10,"AMZN",230.330001831055
2025-09-11,"AMZN",229.949996948242
2025-09-12,"AMZN",228.149993896484
2025-09-15,"AMZN",231.429992675781
2025-09-16,"AMZN",234.050003051758
2025-09-17,"AMZN",231.619995117188
2025-09-18,"AMZN",231.229995727539
2025-09-19,"AMZN",231.479995727539
2025-09-22,"AMZN",227.630004882812
2025-09-23,"AMZN",220.710006713867
2025-09-24,"AMZN",220.210006713867
2025-09-25,"AMZN",218.149993896484
2025-09-26,"AMZN",219.779998779297
2025-09-29,"AMZN",222.169998168945
2025-09-30,"AMZN",219.570007324219
2025-10-01,"AMZN",220.630004882812
2025-10-02,"AMZN",222.410003662109
2025-10-03,"AMZN",219.509994506836
2025-10-06,"AMZN",220.899993896484
2025-10-07,"AMZN",221.779998779297
2025-10-08,"AMZN",225.220001220703
2025-10-09,"AMZN",227.740005493164
2025-10-10,"AMZN",216.369995117188
2025-10-13,"AMZN",220.070007324219
2025-10-14,"AMZN",216.389999389648
2025-10-15,"AMZN",215.570007324219
2025-10-16,"AMZN",214.470001220703
2025-10-17,"AMZN",213.039993286133
2025-10-20,"AMZN",216.479995727539
2025-10-21,"AMZN",222.029998779297
2025-10-22,"AMZN",217.949996948242
2025-10-23,"AMZN",221.089996337891
2025-10-24,"AMZN",224.210006713867
2025-10-27,"AMZN",226.970001220703
2025-10-28,"AMZN",229.25
2025-10-29,"AMZN",230.300003051758
2025-10-30,"AMZN",222.860000610352
2025-10-31,"AMZN",244.220001220703
2025-11-03,"AMZN",254
2025-11-04,"AMZN",249.320007324219
2025-11-05,"AMZN",250.199996948242
2025-11-06,"AMZN",243.039993286133
2025-11-07,"AMZN",244.410003662109
2025-11-10,"AMZN",248.399993896484
2025-11-11,"AMZN",249.100006103516
2025-11-12,"AMZN",244.199996948242
2025-11-13,"AMZN",237.580001831055
2025-11-14,"AMZN",234.690002441406
2025-11-17,"AMZN",232.869995117188
2025-11-18,"AMZN",222.550003051758
2025-11-19,"AMZN",222.690002441406
2025-11-20,"AMZN",217.139999389648
2025-11-21,"AMZN",220.690002441406
2025-11-24,"AMZN",226.279998779297
2025-11-25,"AMZN",229.669998168945
2025-11-26,"AMZN",229.160003662109
2025-11-28,"AMZN",233.220001220703
2025-12-01,"AMZN",233.880004882812
2025-12-02,"AMZN",234.419998168945
2025-12-03,"AMZN",232.380004882812
2025-12-04,"AMZN",229.110000610352
2025-12-05,"AMZN",229.529998779297
2025-12-08,"AMZN",226.889999389648
2025-12-09,"AMZN",227.919998168945
2025-12-10,"AMZN",231.779998779297
2025-12-11,"AMZN",230.279998779297
2025-12-12,"AMZN",226.190002441406
2025-12-15,"AMZN",222.539993286133
2025-12-16,"AMZN",222.559997558594
2025-12-17,"AMZN",221.270004272461
2025-12-18,"AMZN",226.759994506836
2025-12-19,"AMZN",227.350006103516
2025-12-22,"AMZN",228.429992675781
2025-12-23,"AMZN",232.139999389648
2025-12-24,"AMZN",232.380004882812
2025-12-26,"AMZN",232.520004272461
2025-12-29,"AMZN",232.070007324219
2025-12-30,"AMZN",232.529998779297
2025-12-31,"AMZN",230.820007324219
2026-01-02,"AMZN",226.5
2026-01-05,"AMZN",233.059997558594
2026-01-06,"AMZN",240.929992675781
2026-01-07,"AMZN",241.559997558594
2026-01-08,"AMZN",246.289993286133
2026-01-09,"AMZN",247.380004882812
2026-01-12,"AMZN",246.470001220703
2026-01-13,"AMZN",242.600006103516
2026-01-14,"AMZN",236.649993896484
2026-01-15,"AMZN",238.179992675781
2026-01-16,"AMZN",239.119995117188
2026-01-20,"AMZN",231
2026-01-21,"AMZN",231.309997558594
2026-01-22,"AMZN",234.339996337891
2026-01-23,"AMZN",239.160003662109
2026-01-26,"AMZN",238.419998168945
2026-01-27,"AMZN",244.679992675781
2026-01-28,"AMZN",243.009994506836
2026-01-29,"AMZN",241.729995727539
2026-01-30,"AMZN",239.300003051758
2026-02-02,"AMZN",242.960006713867
2026-02-03,"AMZN",238.619995117188
2026-02-04,"AMZN",232.990005493164
2026-02-05,"AMZN",222.690002441406
2026-02-06,"AMZN",210.320007324219
2026-02-09,"AMZN",208.720001220703
2026-02-10,"AMZN",206.960006713867
2026-02-11,"AMZN",204.080001831055
2026-02-12,"AMZN",199.600006103516
2026-02-13,"AMZN",198.789993286133
2026-02-17,"AMZN",201.149993896484
2026-02-18,"AMZN",204.789993286133
2026-02-19,"AMZN",204.860000610352
2026-02-20,"AMZN",210.110000610352
2026-02-23,"AMZN",205.270004272461
2026-02-24,"AMZN",208.559997558594
2026-02-25,"AMZN",210.639999389648
2026-02-26,"AMZN",207.919998168945
2026-02-27,"AMZN",210
2026-03-02,"AMZN",208.389999389648
2026-03-03,"AMZN",208.729995727539
2026-03-04,"AMZN",216.820007324219
2026-03-05,"AMZN",218.940002441406
2026-03-06,"AMZN",213.210006713867
2026-03-09,"AMZN",213.490005493164
2026-03-10,"AMZN",214.330001831055
2026-03-11,"AMZN",212.649993896484
2026-03-12,"AMZN",209.529998779297
2026-03-13,"AMZN",207.669998168945
2026-03-16,"AMZN",211.740005493164
2026-03-17,"AMZN",215.199996948242
2026-03-18,"AMZN",209.869995117188
2026-03-19,"AMZN",208.759994506836
2026-03-20,"AMZN",205.369995117188
2026-03-23,"AMZN",210.139999389648
2026-03-24,"AMZN",207.240005493164
2026-03-25,"AMZN",211.710006713867
2026-03-26,"AMZN",207.539993286133
2026-03-27,"AMZN",199.339996337891
2026-03-30,"AMZN",200.949996948242
2026-03-31,"AMZN",208.270004272461
2026-04-01,"AMZN",210.570007324219
2026-04-02,"AMZN",209.770004272461
2026-04-06,"AMZN",212.789993286133
2026-04-07,"AMZN",213.770004272461
2026-04-08,"AMZN",221.25
2026-04-09,"AMZN",233.649993896484
2026-04-10,"AMZN",238.380004882812
2026-04-13,"AMZN",239.889999389648
2026-04-14,"AMZN",249.020004272461
2026-04-15,"AMZN",248.5
2026-04-16,"AMZN",249.699996948242
2026-04-17,"AMZN",250.559997558594
2026-04-20,"AMZN",248.279998779297
2026-04-21,"AMZN",249.910003662109
2026-04-22,"AMZN",255.360000610352
2026-04-23,"AMZN",255.080001831055
2026-04-24,"AMZN",263.989990234375
2026-04-27,"AMZN",261.119995117188
2026-04-28,"AMZN",259.700012207031
2026-04-29,"AMZN",263.040008544922
2026-04-30,"AMZN",265.059997558594
2026-05-01,"AMZN",268.260009765625
2026-05-04,"AMZN",272.049987792969
2026-05-05,"AMZN",273.549987792969
2026-05-06,"AMZN",274.989990234375
2026-05-07,"AMZN",271.170013427734
2026-05-08,"AMZN",272.679992675781
2026-05-11,"AMZN",268.989990234375
2026-05-12,"AMZN",265.820007324219
2026-05-13,"AMZN",270.130004882812
2026-05-14,"AMZN",267.220001220703
2026-05-15,"AMZN",264.140014648438
2026-05-18,"AMZN",264.859985351562
2026-05-19,"AMZN",259.339996337891
2026-05-20,"AMZN",265.010009765625
2026-05-21,"AMZN",268.459991455078
2026-05-22,"AMZN",266.320007324219
2026-05-26,"AMZN",265.290008544922
2026-05-27,"AMZN",271.850006103516
2026-05-28,"AMZN",274
2026-05-29,"AMZN",270.640014648438
2026-06-01,"AMZN",261.260009765625
2026-06-02,"AMZN",256.519989013672
2026-06-03,"AMZN",250.020004272461
2026-06-04,"AMZN",253.789993286133
2026-06-05,"AMZN",246.029998779297
2026-06-08,"AMZN",245.220001220703
2026-06-09,"AMZN",244.190002441406
2026-06-10,"AMZN",238
2026-06-11,"AMZN",241.509994506836
2026-06-12,"AMZN",238.550003051758
2026-06-15,"AMZN",246.020004272461
2026-06-16,"AMZN",246
2026-06-17,"AMZN",237.5
2026-06-18,"AMZN",244.389999389648
2026-06-22,"AMZN",232.789993286133
2026-06-23,"AMZN",234.110000610352
2026-06-24,"AMZN",234.270004272461
2026-06-25,"AMZN",227.009994506836
2026-06-26,"AMZN",232.690002441406
2026-06-29,"AMZN",240.139999389648
2026-06-30,"AMZN",238.339996337891
2026-07-01,"AMZN",241.699996948242
2026-07-02,"AMZN",242.669998168945
2026-07-06,"AMZN",244.160003662109
2026-07-07,"AMZN",245.979995727539
2026-07-08,"AMZN",243.619995117188
2026-07-09,"AMZN",247.039993286133
2026-07-10,"AMZN",245.339996337891
2026-07-13,"AMZN",247.309997558594
2026-07-14,"AMZN",247.490005493164
2026-07-15,"AMZN",254.960006713867
2026-07-16,"AMZN",249.889999389648
2026-07-17,"AMZN",247.229995727539
2026-07-20,"AMZN",249.990005493164
2026-07-21,"AMZN",247.550003051758
2026-07-22,"AMZN",244.850006103516
2026-07-23,"AMZN",233.660003662109
2026-07-24,"AMZN",232.110000610352
2026-07-27,"AMZN",231.389999389648
2026-07-28,"AMZN",230.860000610352
2026-07-29,"AMZN",226.649993896484
2026-07-30,"AMZN",235.5
2026-07-31,"AMZN",271.579986572266
2026-08-03,"AMZN",284.019989013672
2026-08-04,"AMZN",277.420013427734
2026-08-05,"AMZN",272.649993896484
2026-08-06,"AMZN",272.260009765625
2026-08-07,"AMZN",274.480010986328
2026-08-10,"AMZN",278.089996337891
2026-08-11,"AMZN",272.269989013672
2026-08-12,"AMZN",267.279998779297
2026-08-13,"AMZN",265.130004882812
2026-08-14,"AMZN",262.649993896484
2026-08-17,"AMZN",261.309997558594
2026-08-18,"AMZN",259.450012207031
2026-08-19,"AMZN",265.839996337891
2026-08-20,"AMZN",260.109985351562
2026-08-21,"AMZN",258.630004882812
2026-08-24,"AMZN",262.070007324219
2026-08-25,"AMZN",261.059997558594
2026-08-26,"AMZN",260.279998779297
2026-08-27,"AMZN",256.260009765625
2026-08-28,"AMZN",266.429992675781
2026-08-31,"AMZN",259.769989013672
2026-09-01,"AMZN",254.919998168945
2026-09-02,"AMZN",254.979995727539
2026-09-03,"AMZN",258.899993896484
2026-09-04,"AMZN",258.510009765625
2026-09-08,"AMZN",256.970001220703
2026-09-09,"AMZN",252.399993896484
2026-09-10,"AMZN",251.889999389648
2026-09-11,"AMZN",256.779998779297
2026-09-14,"AMZN",253.539993286133
2026-09-15,"AMZN",248.419998168945
2026-09-16,"AMZN",245.960006713867
2022-01-03,"MSFT",334.75
2022-01-04,"MSFT",329.010009765625
2022-01-05,"MSFT",316.380004882812
2022-01-06,"MSFT",313.880004882812
2022-01-07,"MSFT",314.040008544922
2022-01-10,"MSFT",314.269989013672
2022-01-11,"MSFT",314.980010986328
2022-01-12,"MSFT",318.269989013672
2022-01-13,"MSFT",304.799987792969
2022-01-14,"MSFT",310.200012207031
2022-01-18,"MSFT",302.649993896484
2022-01-19,"MSFT",303.329986572266
2022-01-20,"MSFT",301.600006103516
2022-01-21,"MSFT",296.029998779297
2022-01-24,"MSFT",296.369995117188
2022-01-25,"MSFT",288.489990234375
2022-01-26,"MSFT",296.709991455078
2022-01-27,"MSFT",299.839996337891
2022-01-28,"MSFT",308.260009765625
2022-01-31,"MSFT",310.980010986328
2022-02-01,"MSFT",308.760009765625
2022-02-02,"MSFT",313.459991455078
2022-02-03,"MSFT",301.25
2022-02-04,"MSFT",305.940002441406
2022-02-07,"MSFT",300.950012207031
2022-02-08,"MSFT",304.559997558594
2022-02-09,"MSFT",311.209991455078
2022-02-10,"MSFT",302.380004882812
2022-02-11,"MSFT",295.040008544922
2022-02-14,"MSFT",295
2022-02-15,"MSFT",300.470001220703
2022-02-16,"MSFT",299.5
2022-02-17,"MSFT",290.730010986328
2022-02-18,"MSFT",287.929992675781
2022-02-22,"MSFT",287.720001220703
2022-02-23,"MSFT",280.269989013672
2022-02-24,"MSFT",294.589996337891
2022-02-25,"MSFT",297.309997558594
2022-02-28,"MSFT",298.790008544922
2022-03-01,"MSFT",294.950012207031
2022-03-02,"MSFT",300.190002441406
2022-03-03,"MSFT",295.920013427734
2022-03-04,"MSFT",289.859985351562
2022-03-07,"MSFT",278.910003662109
2022-03-08,"MSFT",275.850006103516
2022-03-09,"MSFT",288.5
2022-03-10,"MSFT",285.589996337891
2022-03-11,"MSFT",280.070007324219
2022-03-14,"MSFT",276.440002441406
2022-03-15,"MSFT",287.149993896484
2022-03-16,"MSFT",294.390014648438
2022-03-17,"MSFT",295.220001220703
2022-03-18,"MSFT",300.429992675781
2022-03-21,"MSFT",299.160003662109
2022-03-22,"MSFT",304.059997558594
2022-03-23,"MSFT",299.489990234375
2022-03-24,"MSFT",304.100006103516
2022-03-25,"MSFT",303.679992675781
2022-03-28,"MSFT",310.700012207031
2022-03-29,"MSFT",315.410003662109
2022-03-30,"MSFT",313.859985351562
2022-03-31,"MSFT",308.309997558594
2022-04-01,"MSFT",309.420013427734
2022-04-04,"MSFT",314.970001220703
2022-04-05,"MSFT",310.880004882812
2022-04-06,"MSFT",299.5
2022-04-07,"MSFT",301.369995117188
2022-04-08,"MSFT",296.970001220703
2022-04-11,"MSFT",285.260009765625
2022-04-12,"MSFT",282.059997558594
2022-04-13,"MSFT",287.619995117188
2022-04-14,"MSFT",279.829986572266
2022-04-18,"MSFT",280.519989013672
2022-04-19,"MSFT",285.299987792969
2022-04-20,"MSFT",286.359985351562
2022-04-21,"MSFT",280.809997558594
2022-04-22,"MSFT",274.029998779297
2022-04-25,"MSFT",280.720001220703
2022-04-26,"MSFT",270.220001220703
2022-04-27,"MSFT",283.220001220703
2022-04-28,"MSFT",289.630004882812
2022-04-29,"MSFT",277.519989013672
2022-05-02,"MSFT",284.470001220703
2022-05-03,"MSFT",281.779998779297
2022-05-04,"MSFT",289.980010986328
2022-05-05,"MSFT",277.350006103516
2022-05-06,"MSFT",274.730010986328
2022-05-09,"MSFT",264.579986572266
2022-05-10,"MSFT",269.5
2022-05-11,"MSFT",260.549987792969
2022-05-12,"MSFT",255.350006103516
2022-05-13,"MSFT",261.119995117188
2022-05-16,"MSFT",261.5
2022-05-17,"MSFT",266.820007324219
2022-05-18,"MSFT",254.080001831055
2022-05-19,"MSFT",253.139999389648
2022-05-20,"MSFT",252.559997558594
2022-05-23,"MSFT",260.649993896484
2022-05-24,"MSFT",259.619995117188
2022-05-25,"MSFT",262.519989013672
2022-05-26,"MSFT",265.899993896484
2022-05-27,"MSFT",273.239990234375
2022-05-31,"MSFT",271.869995117188
2022-06-01,"MSFT",272.420013427734
2022-06-02,"MSFT",274.579986572266
2022-06-03,"MSFT",270.019989013672
2022-06-06,"MSFT",268.75
2022-06-07,"MSFT",272.5
2022-06-08,"MSFT",270.410003662109
2022-06-09,"MSFT",264.790008544922
2022-06-10,"MSFT",252.990005493164
2022-06-13,"MSFT",242.259994506836
2022-06-14,"MSFT",244.490005493164
2022-06-15,"MSFT",251.759994506836
2022-06-16,"MSFT",244.970001220703
2022-06-17,"MSFT",247.649993896484
2022-06-21,"MSFT",253.740005493164
2022-06-22,"MSFT",253.130004882812
2022-06-23,"MSFT",258.859985351562
2022-06-24,"MSFT",267.700012207031
2022-06-27,"MSFT",264.890014648438
2022-06-28,"MSFT",256.480010986328
2022-06-29,"MSFT",260.260009765625
2022-06-30,"MSFT",256.829986572266
2022-07-01,"MSFT",259.579986572266
2022-07-05,"MSFT",262.850006103516
2022-07-06,"MSFT",266.209991455078
2022-07-07,"MSFT",268.399993896484
2022-07-08,"MSFT",267.660003662109
2022-07-11,"MSFT",264.510009765625
2022-07-12,"MSFT",253.669998168945
2022-07-13,"MSFT",252.720001220703
2022-07-14,"MSFT",254.080001831055
2022-07-15,"MSFT",256.720001220703
2022-07-18,"MSFT",254.25
2022-07-19,"MSFT",259.529998779297
2022-07-20,"MSFT",262.269989013672
2022-07-21,"MSFT",264.839996337891
2022-07-22,"MSFT",260.359985351562
2022-07-25,"MSFT",258.829986572266
2022-07-26,"MSFT",251.899993896484
2022-07-27,"MSFT",268.739990234375
2022-07-28,"MSFT",276.410003662109
2022-07-29,"MSFT",280.739990234375
2022-08-01,"MSFT",278.010009765625
2022-08-02,"MSFT",274.820007324219
2022-08-03,"MSFT",282.470001220703
2022-08-04,"MSFT",283.649993896484
2022-08-05,"MSFT",282.910003662109
2022-08-08,"MSFT",280.320007324219
2022-08-09,"MSFT",282.299987792969
2022-08-10,"MSFT",289.160003662109
2022-08-11,"MSFT",287.019989013672
2022-08-12,"MSFT",291.910003662109
2022-08-15,"MSFT",293.470001220703
2022-08-16,"MSFT",292.709991455078
2022-08-17,"MSFT",291.320007324219
2022-08-18,"MSFT",290.170013427734
2022-08-19,"MSFT",286.149993896484
2022-08-22,"MSFT",277.75
2022-08-23,"MSFT",276.440002441406
2022-08-24,"MSFT",275.790008544922
2022-08-25,"MSFT",278.850006103516
2022-08-26,"MSFT",268.089996337891
2022-08-29,"MSFT",265.230010986328
2022-08-30,"MSFT",262.970001220703
2022-08-31,"MSFT",261.470001220703
2022-09-01,"MSFT",260.399993896484
2022-09-02,"MSFT",256.059997558594
2022-09-06,"MSFT",253.25
2022-09-07,"MSFT",258.089996337891
2022-09-08,"MSFT",258.519989013672
2022-09-09,"MSFT",264.459991455078
2022-09-12,"MSFT",266.649993896484
2022-09-13,"MSFT",251.990005493164
2022-09-14,"MSFT",252.220001220703
2022-09-15,"MSFT",245.380004882812
2022-09-16,"MSFT",244.740005493164
2022-09-19,"MSFT",244.520004272461
2022-09-20,"MSFT",242.449996948242
2022-09-21,"MSFT",238.949996948242
2022-09-22,"MSFT",240.979995727539
2022-09-23,"MSFT",237.919998168945
2022-09-26,"MSFT",237.449996948242
2022-09-27,"MSFT",236.410003662109
2022-09-28,"MSFT",241.070007324219
2022-09-29,"MSFT",237.5
2022-09-30,"MSFT",232.899993896484
2022-10-03,"MSFT",240.740005493164
2022-10-04,"MSFT",248.880004882812
2022-10-05,"MSFT",249.199996948242
2022-10-06,"MSFT",246.789993286133
2022-10-07,"MSFT",234.240005493164
2022-10-10,"MSFT",229.25
2022-10-11,"MSFT",225.410003662109
2022-10-12,"MSFT",225.75
2022-10-13,"MSFT",234.240005493164
2022-10-14,"MSFT",228.559997558594
2022-10-17,"MSFT",237.529998779297
2022-10-18,"MSFT",238.5
2022-10-19,"MSFT",236.479995727539
2022-10-20,"MSFT",236.149993896484
2022-10-21,"MSFT",242.119995117188
2022-10-24,"MSFT",247.25
2022-10-25,"MSFT",250.660003662109
2022-10-26,"MSFT",231.320007324219
2022-10-27,"MSFT",226.75
2022-10-28,"MSFT",235.869995117188
2022-10-31,"MSFT",232.130004882812
2022-11-01,"MSFT",228.169998168945
2022-11-02,"MSFT",220.100006103516
2022-11-03,"MSFT",214.25
2022-11-04,"MSFT",221.389999389648
2022-11-07,"MSFT",227.869995117188
2022-11-08,"MSFT",228.869995117188
2022-11-09,"MSFT",224.509994506836
2022-11-10,"MSFT",242.979995727539
2022-11-11,"MSFT",247.110000610352
2022-11-14,"MSFT",241.550003051758
2022-11-15,"MSFT",241.970001220703
2022-11-16,"MSFT",241.729995727539
2022-11-17,"MSFT",241.679992675781
2022-11-18,"MSFT",241.220001220703
2022-11-21,"MSFT",242.050003051758
2022-11-22,"MSFT",245.029998779297
2022-11-23,"MSFT",247.580001831055
2022-11-25,"MSFT",247.490005493164
2022-11-28,"MSFT",241.759994506836
2022-11-29,"MSFT",240.330001831055
2022-11-30,"MSFT",255.139999389648
2022-12-01,"MSFT",254.690002441406
2022-12-02,"MSFT",255.020004272461
2022-12-05,"MSFT",250.199996948242
2022-12-06,"MSFT",245.119995117188
2022-12-07,"MSFT",244.369995117188
2022-12-08,"MSFT",247.399993896484
2022-12-09,"MSFT",245.419998168945
2022-12-12,"MSFT",252.509994506836
2022-12-13,"MSFT",256.920013427734
2022-12-14,"MSFT",257.220001220703
2022-12-15,"MSFT",249.009994506836
2022-12-16,"MSFT",244.690002441406
2022-12-19,"MSFT",240.449996948242
2022-12-20,"MSFT",241.800003051758
2022-12-21,"MSFT",244.429992675781
2022-12-22,"MSFT",238.190002441406
2022-12-23,"MSFT",238.729995727539
2022-12-27,"MSFT",236.960006713867
2022-12-28,"MSFT",234.529998779297
2022-12-29,"MSFT",241.009994506836
2022-12-30,"MSFT",239.820007324219
2023-01-03,"MSFT",239.580001831055
2023-01-04,"MSFT",229.100006103516
2023-01-05,"MSFT",222.309997558594
2023-01-06,"MSFT",224.929992675781
2023-01-09,"MSFT",227.119995117188
2023-01-10,"MSFT",228.850006103516
2023-01-11,"MSFT",235.770004272461
2023-01-12,"MSFT",238.509994506836
2023-01-13,"MSFT",239.229995727539
2023-01-17,"MSFT",240.350006103516
2023-01-18,"MSFT",235.809997558594
2023-01-19,"MSFT",231.929992675781
2023-01-20,"MSFT",240.220001220703
2023-01-23,"MSFT",242.580001831055
2023-01-24,"MSFT",242.039993286133
2023-01-25,"MSFT",240.610000610352
2023-01-26,"MSFT",248
2023-01-27,"MSFT",248.160003662109
2023-01-30,"MSFT",242.710006713867
2023-01-31,"MSFT",247.809997558594
2023-02-01,"MSFT",252.75
2023-02-02,"MSFT",264.600006103516
2023-02-03,"MSFT",258.350006103516
2023-02-06,"MSFT",256.769989013672
2023-02-07,"MSFT",267.559997558594
2023-02-08,"MSFT",266.730010986328
2023-02-09,"MSFT",263.619995117188
2023-02-10,"MSFT",263.100006103516
2023-02-13,"MSFT",271.320007324219
2023-02-14,"MSFT",272.170013427734
2023-02-15,"MSFT",269.320007324219
2023-02-16,"MSFT",262.149993896484
2023-02-17,"MSFT",258.059997558594
2023-02-21,"MSFT",252.669998168945
2023-02-22,"MSFT",251.509994506836
2023-02-23,"MSFT",254.770004272461
2023-02-24,"MSFT",249.220001220703
2023-02-27,"MSFT",250.160003662109
2023-02-28,"MSFT",249.419998168945
2023-03-01,"MSFT",246.270004272461
2023-03-02,"MSFT",251.110000610352
2023-03-03,"MSFT",255.289993286133
2023-03-06,"MSFT",256.869995117188
2023-03-07,"MSFT",254.149993896484
2023-03-08,"MSFT",253.699996948242
2023-03-09,"MSFT",252.320007324219
2023-03-10,"MSFT",248.589996337891
2023-03-13,"MSFT",253.919998168945
2023-03-14,"MSFT",260.790008544922
2023-03-15,"MSFT",265.440002441406
2023-03-16,"MSFT",276.200012207031
2023-03-17,"MSFT",279.429992675781
2023-03-20,"MSFT",272.230010986328
2023-03-21,"MSFT",273.779998779297
2023-03-22,"MSFT",272.290008544922
2023-03-23,"MSFT",277.660003662109
2023-03-24,"MSFT",280.570007324219
2023-03-27,"MSFT",276.380004882812
2023-03-28,"MSFT",275.230010986328
2023-03-29,"MSFT",280.510009765625
2023-03-30,"MSFT",284.049987792969
2023-03-31,"MSFT",288.299987792969
2023-04-03,"MSFT",287.230010986328
2023-04-04,"MSFT",287.179992675781
2023-04-05,"MSFT",284.339996337891
2023-04-06,"MSFT",291.600006103516
2023-04-10,"MSFT",289.390014648438
2023-04-11,"MSFT",282.829986572266
2023-04-12,"MSFT",283.489990234375
2023-04-13,"MSFT",289.839996337891
2023-04-14,"MSFT",286.140014648438
2023-04-17,"MSFT",288.799987792969
2023-04-18,"MSFT",288.369995117188
2023-04-19,"MSFT",288.450012207031
2023-04-20,"MSFT",286.109985351562
2023-04-21,"MSFT",285.760009765625
2023-04-24,"MSFT",281.769989013672
2023-04-25,"MSFT",275.420013427734
2023-04-26,"MSFT",295.369995117188
2023-04-27,"MSFT",304.829986572266
2023-04-28,"MSFT",307.260009765625
2023-05-01,"MSFT",305.559997558594
2023-05-02,"MSFT",305.410003662109
2023-05-03,"MSFT",304.399993896484
2023-05-04,"MSFT",305.410003662109
2023-05-05,"MSFT",310.649993896484
2023-05-08,"MSFT",308.649993896484
2023-05-09,"MSFT",307
2023-05-10,"MSFT",312.309997558594
2023-05-11,"MSFT",310.109985351562
2023-05-12,"MSFT",308.970001220703
2023-05-15,"MSFT",309.459991455078
2023-05-16,"MSFT",311.739990234375
2023-05-17,"MSFT",314
2023-05-18,"MSFT",318.519989013672
2023-05-19,"MSFT",318.339996337891
2023-05-22,"MSFT",321.179992675781
2023-05-23,"MSFT",315.260009765625
2023-05-24,"MSFT",313.850006103516
2023-05-25,"MSFT",325.920013427734
2023-05-26,"MSFT",332.890014648438
2023-05-30,"MSFT",331.209991455078
2023-05-31,"MSFT",328.390014648438
2023-06-01,"MSFT",332.579986572266
2023-06-02,"MSFT",335.399993896484
2023-06-05,"MSFT",335.940002441406
2023-06-06,"MSFT",333.679992675781
2023-06-07,"MSFT",323.380004882812
2023-06-08,"MSFT",325.260009765625
2023-06-09,"MSFT",326.790008544922
2023-06-12,"MSFT",331.850006103516
2023-06-13,"MSFT",334.290008544922
2023-06-14,"MSFT",337.339996337891
2023-06-15,"MSFT",348.100006103516
2023-06-16,"MSFT",342.329986572266
2023-06-20,"MSFT",338.049987792969
2023-06-21,"MSFT",333.559997558594
2023-06-22,"MSFT",339.709991455078
2023-06-23,"MSFT",335.019989013672
2023-06-26,"MSFT",328.600006103516
2023-06-27,"MSFT",334.570007324219
2023-06-28,"MSFT",335.850006103516
2023-06-29,"MSFT",335.049987792969
2023-06-30,"MSFT",340.540008544922
2023-07-03,"MSFT",337.989990234375
2023-07-05,"MSFT",338.149993896484
2023-07-06,"MSFT",341.269989013672
2023-07-07,"MSFT",337.220001220703
2023-07-10,"MSFT",331.829986572266
2023-07-11,"MSFT",332.470001220703
2023-07-12,"MSFT",337.200012207031
2023-07-13,"MSFT",342.660003662109
2023-07-14,"MSFT",345.239990234375
2023-07-17,"MSFT",345.730010986328
2023-07-18,"MSFT",359.489990234375
2023-07-19,"MSFT",355.079986572266
2023-07-20,"MSFT",346.869995117188
2023-07-21,"MSFT",343.769989013672
2023-07-24,"MSFT",345.109985351562
2023-07-25,"MSFT",350.980010986328
2023-07-26,"MSFT",337.769989013672
2023-07-27,"MSFT",330.720001220703
2023-07-28,"MSFT",338.369995117188
2023-07-31,"MSFT",335.920013427734
2023-08-01,"MSFT",336.339996337891
2023-08-02,"MSFT",327.5
2023-08-03,"MSFT",326.660003662109
2023-08-04,"MSFT",327.779998779297
2023-08-07,"MSFT",330.109985351562
2023-08-08,"MSFT",326.049987792969
2023-08-09,"MSFT",322.230010986328
2023-08-10,"MSFT",322.929992675781
2023-08-11,"MSFT",321.010009765625
2023-08-14,"MSFT",324.040008544922
2023-08-15,"MSFT",321.859985351562
2023-08-16,"MSFT",320.399993896484
2023-08-17,"MSFT",316.880004882812
2023-08-18,"MSFT",316.480010986328
2023-08-21,"MSFT",321.880004882812
2023-08-22,"MSFT",322.459991455078
2023-08-23,"MSFT",327
2023-08-24,"MSFT",319.970001220703
2023-08-25,"MSFT",322.980010986328
2023-08-28,"MSFT",323.700012207031
2023-08-29,"MSFT",328.410003662109
2023-08-30,"MSFT",328.790008544922
2023-08-31,"MSFT",327.760009765625
2023-09-01,"MSFT",328.660003662109
2023-09-05,"MSFT",333.549987792969
2023-09-06,"MSFT",332.880004882812
2023-09-07,"MSFT",329.910003662109
2023-09-08,"MSFT",334.269989013672
2023-09-11,"MSFT",337.940002441406
2023-09-12,"MSFT",331.769989013672
2023-09-13,"MSFT",336.059997558594
2023-09-14,"MSFT",338.700012207031
2023-09-15,"MSFT",330.220001220703
2023-09-18,"MSFT",329.059997558594
2023-09-19,"MSFT",328.649993896484
2023-09-20,"MSFT",320.769989013672
2023-09-21,"MSFT",319.529998779297
2023-09-22,"MSFT",317.010009765625
2023-09-25,"MSFT",317.540008544922
2023-09-26,"MSFT",312.140014648438
2023-09-27,"MSFT",312.790008544922
2023-09-28,"MSFT",313.640014648438
2023-09-29,"MSFT",315.75
2023-10-02,"MSFT",321.799987792969
2023-10-03,"MSFT",313.390014648438
2023-10-04,"MSFT",318.959991455078
2023-10-05,"MSFT",319.359985351562
2023-10-06,"MSFT",327.260009765625
2023-10-09,"MSFT",329.820007324219
2023-10-10,"MSFT",328.390014648438
2023-10-11,"MSFT",332.420013427734
2023-10-12,"MSFT",331.160003662109
2023-10-13,"MSFT",327.730010986328
2023-10-16,"MSFT",332.640014648438
2023-10-17,"MSFT",332.059997558594
2023-10-18,"MSFT",330.109985351562
2023-10-19,"MSFT",331.320007324219
2023-10-20,"MSFT",326.670013427734
2023-10-23,"MSFT",329.320007324219
2023-10-24,"MSFT",330.529998779297
2023-10-25,"MSFT",340.670013427734
2023-10-26,"MSFT",327.890014648438
2023-10-27,"MSFT",329.809997558594
2023-10-30,"MSFT",337.309997558594
2023-10-31,"MSFT",338.109985351562
2023-11-01,"MSFT",346.070007324219
2023-11-02,"MSFT",348.320007324219
2023-11-03,"MSFT",352.799987792969
2023-11-06,"MSFT",356.529998779297
2023-11-07,"MSFT",360.529998779297
2023-11-08,"MSFT",363.200012207031
2023-11-09,"MSFT",360.690002441406
2023-11-10,"MSFT",369.670013427734
2023-11-13,"MSFT",366.679992675781
2023-11-14,"MSFT",370.269989013672
2023-11-15,"MSFT",369.670013427734
2023-11-16,"MSFT",376.170013427734
2023-11-17,"MSFT",369.850006103516
2023-11-20,"MSFT",377.440002441406
2023-11-21,"MSFT",373.070007324219
2023-11-22,"MSFT",377.850006103516
2023-11-24,"MSFT",377.429992675781
2023-11-27,"MSFT",378.609985351562
2023-11-28,"MSFT",382.700012207031
2023-11-29,"MSFT",378.850006103516
2023-11-30,"MSFT",378.910003662109
2023-12-01,"MSFT",374.510009765625
2023-12-04,"MSFT",369.140014648438
2023-12-05,"MSFT",372.519989013672
2023-12-06,"MSFT",368.799987792969
2023-12-07,"MSFT",370.950012207031
2023-12-08,"MSFT",374.230010986328
2023-12-11,"MSFT",371.299987792969
2023-12-12,"MSFT",374.380004882812
2023-12-13,"MSFT",374.369995117188
2023-12-14,"MSFT",365.929992675781
2023-12-15,"MSFT",370.730010986328
2023-12-18,"MSFT",372.649993896484
2023-12-19,"MSFT",373.260009765625
2023-12-20,"MSFT",370.619995117188
2023-12-21,"MSFT",373.540008544922
2023-12-22,"MSFT",374.579986572266
2023-12-26,"MSFT",374.660003662109
2023-12-27,"MSFT",374.070007324219
2023-12-28,"MSFT",375.279998779297
2023-12-29,"MSFT",376.040008544922
2024-01-02,"MSFT",370.869995117188
2024-01-03,"MSFT",370.600006103516
2024-01-04,"MSFT",367.940002441406
2024-01-05,"MSFT",367.75
2024-01-08,"MSFT",374.690002441406
2024-01-09,"MSFT",375.790008544922
2024-01-10,"MSFT",382.769989013672
2024-01-11,"MSFT",384.630004882812
2024-01-12,"MSFT",388.470001220703
2024-01-16,"MSFT",390.269989013672
2024-01-17,"MSFT",389.470001220703
2024-01-18,"MSFT",393.869995117188
2024-01-19,"MSFT",398.670013427734
2024-01-22,"MSFT",396.510009765625
2024-01-23,"MSFT",398.899993896484
2024-01-24,"MSFT",402.559997558594
2024-01-25,"MSFT",404.869995117188
2024-01-26,"MSFT",403.929992675781
2024-01-29,"MSFT",409.720001220703
2024-01-30,"MSFT",408.589996337891
2024-01-31,"MSFT",397.579986572266
2024-02-01,"MSFT",403.779998779297
2024-02-02,"MSFT",411.220001220703
2024-02-05,"MSFT",405.649993896484
2024-02-06,"MSFT",405.489990234375
2024-02-07,"MSFT",414.049987792969
2024-02-08,"MSFT",414.109985351562
2024-02-09,"MSFT",420.549987792969
2024-02-12,"MSFT",415.260009765625
2024-02-13,"MSFT",406.320007324219
2024-02-14,"MSFT",409.489990234375
2024-02-15,"MSFT",406.559997558594
2024-02-16,"MSFT",404.059997558594
2024-02-20,"MSFT",402.790008544922
2024-02-21,"MSFT",402.179992675781
2024-02-22,"MSFT",411.649993896484
2024-02-23,"MSFT",410.339996337891
2024-02-26,"MSFT",407.540008544922
2024-02-27,"MSFT",407.480010986328
2024-02-28,"MSFT",407.720001220703
2024-02-29,"MSFT",413.640014648438
2024-03-01,"MSFT",415.5
2024-03-04,"MSFT",414.920013427734
2024-03-05,"MSFT",402.649993896484
2024-03-06,"MSFT",402.089996337891
2024-03-07,"MSFT",409.140014648438
2024-03-08,"MSFT",406.220001220703
2024-03-11,"MSFT",404.519989013672
2024-03-12,"MSFT",415.279998779297
2024-03-13,"MSFT",415.100006103516
2024-03-14,"MSFT",425.220001220703
2024-03-15,"MSFT",416.420013427734
2024-03-18,"MSFT",417.320007324219
2024-03-19,"MSFT",421.410003662109
2024-03-20,"MSFT",425.230010986328
2024-03-21,"MSFT",429.369995117188
2024-03-22,"MSFT",428.739990234375
2024-03-25,"MSFT",422.859985351562
2024-03-26,"MSFT",421.649993896484
2024-03-27,"MSFT",421.429992675781
2024-03-28,"MSFT",420.720001220703
2024-04-01,"MSFT",424.570007324219
2024-04-02,"MSFT",421.440002441406
2024-04-03,"MSFT",420.450012207031
2024-04-04,"MSFT",417.880004882812
2024-04-05,"MSFT",425.519989013672
2024-04-08,"MSFT",424.589996337891
2024-04-09,"MSFT",426.279998779297
2024-04-10,"MSFT",423.260009765625
2024-04-11,"MSFT",427.929992675781
2024-04-12,"MSFT",421.899993896484
2024-04-15,"MSFT",413.640014648438
2024-04-16,"MSFT",414.579986572266
2024-04-17,"MSFT",411.839996337891
2024-04-18,"MSFT",404.269989013672
2024-04-19,"MSFT",399.119995117188
2024-04-22,"MSFT",400.959991455078
2024-04-23,"MSFT",407.570007324219
2024-04-24,"MSFT",409.059997558594
2024-04-25,"MSFT",399.040008544922
2024-04-26,"MSFT",406.320007324219
2024-04-29,"MSFT",402.25
2024-04-30,"MSFT",389.329986572266
2024-05-01,"MSFT",394.940002441406
2024-05-02,"MSFT",397.839996337891
2024-05-03,"MSFT",406.660003662109
2024-05-06,"MSFT",413.540008544922
2024-05-07,"MSFT",409.339996337891
2024-05-08,"MSFT",410.540008544922
2024-05-09,"MSFT",412.320007324219
2024-05-10,"MSFT",414.739990234375
2024-05-13,"MSFT",413.720001220703
2024-05-14,"MSFT",416.559997558594
2024-05-15,"MSFT",423.079986572266
2024-05-16,"MSFT",420.989990234375
2024-05-17,"MSFT",420.209991455078
2024-05-20,"MSFT",425.339996337891
2024-05-21,"MSFT",429.040008544922
2024-05-22,"MSFT",430.519989013672
2024-05-23,"MSFT",427
2024-05-24,"MSFT",430.160003662109
2024-05-28,"MSFT",430.320007324219
2024-05-29,"MSFT",429.170013427734
2024-05-30,"MSFT",414.670013427734
2024-05-31,"MSFT",415.130004882812
2024-06-03,"MSFT",413.519989013672
2024-06-04,"MSFT",416.070007324219
2024-06-05,"MSFT",424.010009765625
2024-06-06,"MSFT",424.519989013672
2024-06-07,"MSFT",423.850006103516
2024-06-10,"MSFT",427.869995117188
2024-06-11,"MSFT",432.679992675781
2024-06-12,"MSFT",441.059997558594
2024-06-13,"MSFT",441.579986572266
2024-06-14,"MSFT",442.570007324219
2024-06-17,"MSFT",448.369995117188
2024-06-18,"MSFT",446.339996337891
2024-06-20,"MSFT",445.700012207031
2024-06-21,"MSFT",449.779998779297
2024-06-24,"MSFT",447.670013427734
2024-06-25,"MSFT",450.950012207031
2024-06-26,"MSFT",452.160003662109
2024-06-27,"MSFT",452.850006103516
2024-06-28,"MSFT",446.950012207031
2024-07-01,"MSFT",456.730010986328
2024-07-02,"MSFT",459.279998779297
2024-07-03,"MSFT",460.769989013672
2024-07-05,"MSFT",467.559997558594
2024-07-08,"MSFT",466.239990234375
2024-07-09,"MSFT",459.540008544922
2024-07-10,"MSFT",466.25
2024-07-11,"MSFT",454.700012207031
2024-07-12,"MSFT",453.549987792969
2024-07-15,"MSFT",453.959991455078
2024-07-16,"MSFT",449.519989013672
2024-07-17,"MSFT",443.519989013672
2024-07-18,"MSFT",440.369995117188
2024-07-19,"MSFT",437.109985351562
2024-07-22,"MSFT",442.940002441406
2024-07-23,"MSFT",444.850006103516
2024-07-24,"MSFT",428.899993896484
2024-07-25,"MSFT",418.399993896484
2024-07-26,"MSFT",425.269989013672
2024-07-29,"MSFT",426.730010986328
2024-07-30,"MSFT",422.920013427734
2024-07-31,"MSFT",418.350006103516
2024-08-01,"MSFT",417.109985351562
2024-08-02,"MSFT",408.489990234375
2024-08-05,"MSFT",395.149993896484
2024-08-06,"MSFT",399.609985351562
2024-08-07,"MSFT",398.429992675781
2024-08-08,"MSFT",402.690002441406
2024-08-09,"MSFT",406.019989013672
2024-08-12,"MSFT",406.809997558594
2024-08-13,"MSFT",414.010009765625
2024-08-14,"MSFT",416.859985351562
2024-08-15,"MSFT",421.029998779297
2024-08-16,"MSFT",418.470001220703
2024-08-19,"MSFT",421.529998779297
2024-08-20,"MSFT",424.799987792969
2024-08-21,"MSFT",424.140014648438
2024-08-22,"MSFT",415.549987792969
2024-08-23,"MSFT",416.790008544922
2024-08-26,"MSFT",413.489990234375
2024-08-27,"MSFT",413.839996337891
2024-08-28,"MSFT",410.600006103516
2024-08-29,"MSFT",413.119995117188
2024-08-30,"MSFT",417.140014648438
2024-09-03,"MSFT",409.440002441406
2024-09-04,"MSFT",408.899993896484
2024-09-05,"MSFT",408.390014648438
2024-09-06,"MSFT",401.700012207031
2024-09-09,"MSFT",405.720001220703
2024-09-10,"MSFT",414.200012207031
2024-09-11,"MSFT",423.040008544922
2024-09-12,"MSFT",427
2024-09-13,"MSFT",430.589996337891
2024-09-16,"MSFT",431.339996337891
2024-09-17,"MSFT",435.149993896484
2024-09-18,"MSFT",430.809997558594
2024-09-19,"MSFT",438.690002441406
2024-09-20,"MSFT",435.269989013672
2024-09-23,"MSFT",433.510009765625
2024-09-24,"MSFT",429.170013427734
2024-09-25,"MSFT",432.109985351562
2024-09-26,"MSFT",431.309997558594
2024-09-27,"MSFT",428.019989013672
2024-09-30,"MSFT",430.299987792969
2024-10-01,"MSFT",420.690002441406
2024-10-02,"MSFT",417.130004882812
2024-10-03,"MSFT",416.540008544922
2024-10-04,"MSFT",416.059997558594
2024-10-07,"MSFT",409.540008544922
2024-10-08,"MSFT",414.709991455078
2024-10-09,"MSFT",417.459991455078
2024-10-10,"MSFT",415.839996337891
2024-10-11,"MSFT",416.320007324219
2024-10-14,"MSFT",419.140014648438
2024-10-15,"MSFT",418.739990234375
2024-10-16,"MSFT",416.119995117188
2024-10-17,"MSFT",416.720001220703
2024-10-18,"MSFT",418.160003662109
2024-10-21,"MSFT",418.779998779297
2024-10-22,"MSFT",427.510009765625
2024-10-23,"MSFT",424.600006103516
2024-10-24,"MSFT",424.730010986328
2024-10-25,"MSFT",428.149993896484
2024-10-28,"MSFT",426.589996337891
2024-10-29,"MSFT",431.950012207031
2024-10-30,"MSFT",432.529998779297
2024-10-31,"MSFT",406.350006103516
2024-11-01,"MSFT",410.369995117188
2024-11-04,"MSFT",408.459991455078
2024-11-05,"MSFT",411.459991455078
2024-11-06,"MSFT",420.179992675781
2024-11-07,"MSFT",425.429992675781
2024-11-08,"MSFT",422.540008544922
2024-11-11,"MSFT",418.010009765625
2024-11-12,"MSFT",423.029998779297
2024-11-13,"MSFT",425.200012207031
2024-11-14,"MSFT",426.890014648438
2024-11-15,"MSFT",415
2024-11-18,"MSFT",415.760009765625
2024-11-19,"MSFT",417.790008544922
2024-11-20,"MSFT",415.489990234375
2024-11-21,"MSFT",412.869995117188
2024-11-22,"MSFT",417
2024-11-25,"MSFT",418.790008544922
2024-11-26,"MSFT",427.989990234375
2024-11-27,"MSFT",422.989990234375
2024-11-29,"MSFT",423.459991455078
2024-12-02,"MSFT",430.980010986328
2024-12-03,"MSFT",431.200012207031
2024-12-04,"MSFT",437.420013427734
2024-12-05,"MSFT",442.619995117188
2024-12-06,"MSFT",443.570007324219
2024-12-09,"MSFT",446.019989013672
2024-12-10,"MSFT",443.329986572266
2024-12-11,"MSFT",448.989990234375
2024-12-12,"MSFT",449.559997558594
2024-12-13,"MSFT",447.269989013672
2024-12-16,"MSFT",451.589996337891
2024-12-17,"MSFT",454.459991455078
2024-12-18,"MSFT",437.390014648438
2024-12-19,"MSFT",437.029998779297
2024-12-20,"MSFT",436.600006103516
2024-12-23,"MSFT",435.25
2024-12-24,"MSFT",439.329986572266
2024-12-26,"MSFT",438.109985351562
2024-12-27,"MSFT",430.529998779297
2024-12-30,"MSFT",424.829986572266
2024-12-31,"MSFT",421.5
2025-01-02,"MSFT",418.579986572266
2025-01-03,"MSFT",423.350006103516
2025-01-06,"MSFT",427.850006103516
2025-01-07,"MSFT",422.369995117188
2025-01-08,"MSFT",424.559997558594
2025-01-10,"MSFT",418.950012207031
2025-01-13,"MSFT",417.190002441406
2025-01-14,"MSFT",415.670013427734
2025-01-15,"MSFT",426.309997558594
2025-01-16,"MSFT",424.579986572266
2025-01-17,"MSFT",429.029998779297
2025-01-21,"MSFT",428.5
2025-01-22,"MSFT",446.200012207031
2025-01-23,"MSFT",446.709991455078
2025-01-24,"MSFT",444.059997558594
2025-01-27,"MSFT",434.559997558594
2025-01-28,"MSFT",447.200012207031
2025-01-29,"MSFT",442.329986572266
2025-01-30,"MSFT",414.989990234375
2025-01-31,"MSFT",415.059997558594
2025-02-03,"MSFT",410.920013427734
2025-02-04,"MSFT",412.369995117188
2025-02-05,"MSFT",413.290008544922
2025-02-06,"MSFT",415.820007324219
2025-02-07,"MSFT",409.75
2025-02-10,"MSFT",412.220001220703
2025-02-11,"MSFT",411.440002441406
2025-02-12,"MSFT",409.040008544922
2025-02-13,"MSFT",410.540008544922
2025-02-14,"MSFT",408.429992675781
2025-02-18,"MSFT",409.640014648438
2025-02-19,"MSFT",414.769989013672
2025-02-20,"MSFT",416.130004882812
2025-02-21,"MSFT",408.209991455078
2025-02-24,"MSFT",404
2025-02-25,"MSFT",397.899993896484
2025-02-26,"MSFT",399.730010986328
2025-02-27,"MSFT",392.529998779297
2025-02-28,"MSFT",396.989990234375
2025-03-03,"MSFT",388.489990234375
2025-03-04,"MSFT",388.609985351562
2025-03-05,"MSFT",401.019989013672
2025-03-06,"MSFT",396.890014648438
2025-03-07,"MSFT",393.309997558594
2025-03-10,"MSFT",380.160003662109
2025-03-11,"MSFT",380.450012207031
2025-03-12,"MSFT",383.269989013672
2025-03-13,"MSFT",378.769989013672
2025-03-14,"MSFT",388.559997558594
2025-03-17,"MSFT",388.700012207031
2025-03-18,"MSFT",383.519989013672
2025-03-19,"MSFT",387.820007324219
2025-03-20,"MSFT",386.839996337891
2025-03-21,"MSFT",391.260009765625
2025-03-24,"MSFT",393.079986572266
2025-03-25,"MSFT",395.160003662109
2025-03-26,"MSFT",389.970001220703
2025-03-27,"MSFT",390.579986572266
2025-03-28,"MSFT",378.799987792969
2025-03-31,"MSFT",375.390014648438
2025-04-01,"MSFT",382.190002441406
2025-04-02,"MSFT",382.140014648438
2025-04-03,"MSFT",373.109985351562
2025-04-04,"MSFT",359.839996337891
2025-04-07,"MSFT",357.859985351562
2025-04-08,"MSFT",354.559997558594
2025-04-09,"MSFT",390.489990234375
2025-04-10,"MSFT",381.350006103516
2025-04-11,"MSFT",388.450012207031
2025-04-14,"MSFT",387.809997558594
2025-04-15,"MSFT",385.730010986328
2025-04-16,"MSFT",371.609985351562
2025-04-17,"MSFT",367.779998779297
2025-04-21,"MSFT",359.119995117188
2025-04-22,"MSFT",366.820007324219
2025-04-23,"MSFT",374.390014648438
2025-04-24,"MSFT",387.299987792969
2025-04-25,"MSFT",391.850006103516
2025-04-28,"MSFT",391.160003662109
2025-04-29,"MSFT",394.040008544922
2025-04-30,"MSFT",395.260009765625
2025-05-01,"MSFT",425.399993896484
2025-05-02,"MSFT",435.279998779297
2025-05-05,"MSFT",436.170013427734
2025-05-06,"MSFT",433.309997558594
2025-05-07,"MSFT",433.350006103516
2025-05-08,"MSFT",438.170013427734
2025-05-09,"MSFT",438.730010986328
2025-05-12,"MSFT",449.260009765625
2025-05-13,"MSFT",449.140014648438
2025-05-14,"MSFT",452.940002441406
2025-05-15,"MSFT",453.130004882812
2025-05-16,"MSFT",454.269989013672
2025-05-19,"MSFT",458.869995117188
2025-05-20,"MSFT",458.170013427734
2025-05-21,"MSFT",452.570007324219
2025-05-22,"MSFT",454.859985351562
2025-05-23,"MSFT",450.179992675781
2025-05-27,"MSFT",460.690002441406
2025-05-28,"MSFT",457.359985351562
2025-05-29,"MSFT",458.679992675781
2025-05-30,"MSFT",460.359985351562
2025-06-02,"MSFT",461.970001220703
2025-06-03,"MSFT",462.970001220703
2025-06-04,"MSFT",463.869995117188
2025-06-05,"MSFT",467.679992675781
2025-06-06,"MSFT",470.380004882812
2025-06-09,"MSFT",472.75
2025-06-10,"MSFT",470.920013427734
2025-06-11,"MSFT",472.619995117188
2025-06-12,"MSFT",478.869995117188
2025-06-13,"MSFT",474.959991455078
2025-06-16,"MSFT",479.140014648438
2025-06-17,"MSFT",478.040008544922
2025-06-18,"MSFT",480.239990234375
2025-06-20,"MSFT",477.399993896484
2025-06-23,"MSFT",486
2025-06-24,"MSFT",490.109985351562
2025-06-25,"MSFT",492.269989013672
2025-06-26,"MSFT",497.450012207031
2025-06-27,"MSFT",495.940002441406
2025-06-30,"MSFT",497.410003662109
2025-07-01,"MSFT",492.049987792969
2025-07-02,"MSFT",491.089996337891
2025-07-03,"MSFT",498.839996337891
2025-07-07,"MSFT",497.720001220703
2025-07-08,"MSFT",496.619995117188
2025-07-09,"MSFT",503.510009765625
2025-07-10,"MSFT",501.480010986328
2025-07-11,"MSFT",503.320007324219
2025-07-14,"MSFT",503.019989013672
2025-07-15,"MSFT",505.820007324219
2025-07-16,"MSFT",505.619995117188
2025-07-17,"MSFT",511.700012207031
2025-07-18,"MSFT",510.049987792969
2025-07-21,"MSFT",510.059997558594
2025-07-22,"MSFT",505.269989013672
2025-07-23,"MSFT",505.869995117188
2025-07-24,"MSFT",510.880004882812
2025-07-25,"MSFT",513.710021972656
2025-07-28,"MSFT",512.5
2025-07-29,"MSFT",512.570007324219
2025-07-30,"MSFT",513.239990234375
2025-07-31,"MSFT",533.5
2025-08-01,"MSFT",524.109985351562
2025-08-04,"MSFT",535.640014648438
2025-08-05,"MSFT",527.75
2025-08-06,"MSFT",524.940002441406
2025-08-07,"MSFT",520.840026855469
2025-08-08,"MSFT",522.039978027344
2025-08-11,"MSFT",521.77001953125
2025-08-12,"MSFT",529.239990234375
2025-08-13,"MSFT",520.580017089844
2025-08-14,"MSFT",522.47998046875
2025-08-15,"MSFT",520.169982910156
2025-08-18,"MSFT",517.099975585938
2025-08-19,"MSFT",509.769989013672
2025-08-20,"MSFT",505.720001220703
2025-08-21,"MSFT",504.239990234375
2025-08-22,"MSFT",507.230010986328
2025-08-25,"MSFT",504.260009765625
2025-08-26,"MSFT",502.040008544922
2025-08-27,"MSFT",506.739990234375
2025-08-28,"MSFT",509.640014648438
2025-08-29,"MSFT",506.690002441406
2025-09-02,"MSFT",505.119995117188
2025-09-03,"MSFT",505.350006103516
2025-09-04,"MSFT",507.970001220703
2025-09-05,"MSFT",495
2025-09-08,"MSFT",498.200012207031
2025-09-09,"MSFT",498.410003662109
2025-09-10,"MSFT",500.369995117188
2025-09-11,"MSFT",501.010009765625
2025-09-12,"MSFT",509.899993896484
2025-09-15,"MSFT",515.359985351562
2025-09-16,"MSFT",509.040008544922
2025-09-17,"MSFT",510.019989013672
2025-09-18,"MSFT",508.450012207031
2025-09-19,"MSFT",517.929992675781
2025-09-22,"MSFT",514.450012207031
2025-09-23,"MSFT",509.230010986328
2025-09-24,"MSFT",510.149993896484
2025-09-25,"MSFT",507.029998779297
2025-09-26,"MSFT",511.459991455078
2025-09-29,"MSFT",514.599975585938
2025-09-30,"MSFT",517.950012207031
2025-10-01,"MSFT",519.710021972656
2025-10-02,"MSFT",515.739990234375
2025-10-03,"MSFT",517.349975585938
2025-10-06,"MSFT",528.570007324219
2025-10-07,"MSFT",523.97998046875
2025-10-08,"MSFT",524.849975585938
2025-10-09,"MSFT",522.400024414062
2025-10-10,"MSFT",510.959991455078
2025-10-13,"MSFT",514.049987792969
2025-10-14,"MSFT",513.570007324219
2025-10-15,"MSFT",513.429992675781
2025-10-16,"MSFT",511.609985351562
2025-10-17,"MSFT",513.580017089844
2025-10-20,"MSFT",516.789978027344
2025-10-21,"MSFT",517.659973144531
2025-10-22,"MSFT",520.539978027344
2025-10-23,"MSFT",520.559997558594
2025-10-24,"MSFT",523.609985351562
2025-10-27,"MSFT",531.52001953125
2025-10-28,"MSFT",542.070007324219
2025-10-29,"MSFT",541.549987792969
2025-10-30,"MSFT",525.760009765625
2025-10-31,"MSFT",517.809997558594
2025-11-03,"MSFT",517.030029296875
2025-11-04,"MSFT",514.330017089844
2025-11-05,"MSFT",507.160003662109
2025-11-06,"MSFT",497.100006103516
2025-11-07,"MSFT",496.820007324219
2025-11-10,"MSFT",506
2025-11-11,"MSFT",508.679992675781
2025-11-12,"MSFT",511.140014648438
2025-11-13,"MSFT",503.290008544922
2025-11-14,"MSFT",510.179992675781
2025-11-17,"MSFT",507.489990234375
2025-11-18,"MSFT",493.790008544922
2025-11-19,"MSFT",487.119995117188
2025-11-20,"MSFT",478.429992675781
2025-11-21,"MSFT",472.119995117188
2025-11-24,"MSFT",474
2025-11-25,"MSFT",476.989990234375
2025-11-26,"MSFT",485.5
2025-11-28,"MSFT",492.010009765625
2025-12-01,"MSFT",486.739990234375
2025-12-02,"MSFT",490
2025-12-03,"MSFT",477.730010986328
2025-12-04,"MSFT",480.839996337891
2025-12-05,"MSFT",483.160003662109
2025-12-08,"MSFT",491.019989013672
2025-12-09,"MSFT",492.019989013672
2025-12-10,"MSFT",478.559997558594
2025-12-11,"MSFT",483.470001220703
2025-12-12,"MSFT",478.529998779297
2025-12-15,"MSFT",474.820007324219
2025-12-16,"MSFT",476.390014648438
2025-12-17,"MSFT",476.119995117188
2025-12-18,"MSFT",483.980010986328
2025-12-19,"MSFT",485.920013427734
2025-12-22,"MSFT",484.920013427734
2025-12-23,"MSFT",486.850006103516
2025-12-24,"MSFT",488.019989013672
2025-12-26,"MSFT",487.709991455078
2025-12-29,"MSFT",487.100006103516
2025-12-30,"MSFT",487.480010986328
2025-12-31,"MSFT",483.619995117188
2026-01-02,"MSFT",472.940002441406
2026-01-05,"MSFT",472.850006103516
2026-01-06,"MSFT",478.510009765625
2026-01-07,"MSFT",483.470001220703
2026-01-08,"MSFT",478.109985351562
2026-01-09,"MSFT",479.279998779297
2026-01-12,"MSFT",477.179992675781
2026-01-13,"MSFT",470.670013427734
2026-01-14,"MSFT",459.380004882812
2026-01-15,"MSFT",456.660003662109
2026-01-16,"MSFT",459.859985351562
2026-01-20,"MSFT",454.519989013672
2026-01-21,"MSFT",444.109985351562
2026-01-22,"MSFT",451.140014648438
2026-01-23,"MSFT",465.950012207031
2026-01-26,"MSFT",470.279998779297
2026-01-27,"MSFT",480.579986572266
2026-01-28,"MSFT",481.630004882812
2026-01-29,"MSFT",433.5
2026-01-30,"MSFT",430.290008544922
2026-02-02,"MSFT",423.369995117188
2026-02-03,"MSFT",411.209991455078
2026-02-04,"MSFT",414.190002441406
2026-02-05,"MSFT",393.670013427734
2026-02-06,"MSFT",401.140014648438
2026-02-09,"MSFT",413.600006103516
2026-02-10,"MSFT",413.269989013672
2026-02-11,"MSFT",404.369995117188
2026-02-12,"MSFT",401.839996337891
2026-02-13,"MSFT",401.320007324219
2026-02-17,"MSFT",396.859985351562
2026-02-18,"MSFT",399.600006103516
2026-02-19,"MSFT",398.459991455078
2026-02-20,"MSFT",397.230010986328
2026-02-23,"MSFT",384.470001220703
2026-02-24,"MSFT",389
2026-02-25,"MSFT",400.600006103516
2026-02-26,"MSFT",401.720001220703
2026-02-27,"MSFT",392.739990234375
2026-03-02,"MSFT",398.549987792969
2026-03-03,"MSFT",403.929992675781
2026-03-04,"MSFT",405.200012207031
2026-03-05,"MSFT",410.679992675781
2026-03-06,"MSFT",408.959991455078
2026-03-09,"MSFT",409.410003662109
2026-03-10,"MSFT",405.760009765625
2026-03-11,"MSFT",404.880004882812
2026-03-12,"MSFT",401.859985351562
2026-03-13,"MSFT",395.549987792969
2026-03-16,"MSFT",399.950012207031
2026-03-17,"MSFT",399.410003662109
2026-03-18,"MSFT",391.790008544922
2026-03-19,"MSFT",389.019989013672
2026-03-20,"MSFT",381.869995117188
2026-03-23,"MSFT",383
2026-03-24,"MSFT",372.739990234375
2026-03-25,"MSFT",371.040008544922
2026-03-26,"MSFT",365.970001220703
2026-03-27,"MSFT",356.769989013672
2026-03-30,"MSFT",358.959991455078
2026-03-31,"MSFT",370.170013427734
2026-04-01,"MSFT",369.369995117188
2026-04-02,"MSFT",373.459991455078
2026-04-06,"MSFT",372.880004882812
2026-04-07,"MSFT",372.290008544922
2026-04-08,"MSFT",374.329986572266
2026-04-09,"MSFT",373.070007324219
2026-04-10,"MSFT",370.869995117188
2026-04-13,"MSFT",384.369995117188
2026-04-14,"MSFT",393.109985351562
2026-04-15,"MSFT",411.220001220703
2026-04-16,"MSFT",420.260009765625
2026-04-17,"MSFT",422.790008544922
2026-04-20,"MSFT",418.070007324219
2026-04-21,"MSFT",424.160003662109
2026-04-22,"MSFT",432.920013427734
2026-04-23,"MSFT",415.75
2026-04-24,"MSFT",424.619995117188
2026-04-27,"MSFT",424.820007324219
2026-04-28,"MSFT",429.25
2026-04-29,"MSFT",424.459991455078
2026-04-30,"MSFT",407.779998779297
2026-05-01,"MSFT",414.440002441406
2026-05-04,"MSFT",413.619995117188
2026-05-05,"MSFT",411.380004882812
2026-05-06,"MSFT",413.959991455078
2026-05-07,"MSFT",420.769989013672
2026-05-08,"MSFT",415.119995117188
2026-05-11,"MSFT",412.660003662109
2026-05-12,"MSFT",407.769989013672
2026-05-13,"MSFT",405.209991455078
2026-05-14,"MSFT",409.429992675781
2026-05-15,"MSFT",421.920013427734
2026-05-18,"MSFT",423.540008544922
2026-05-19,"MSFT",417.420013427734
2026-05-20,"MSFT",421.059997558594
2026-05-21,"MSFT",419.089996337891
2026-05-22,"MSFT",418.570007324219
2026-05-26,"MSFT",416.029998779297
2026-05-27,"MSFT",412.670013427734
2026-05-28,"MSFT",426.989990234375
2026-05-29,"MSFT",450.239990234375
2026-06-01,"MSFT",460.519989013672
2026-06-02,"MSFT",441.309997558594
2026-06-03,"MSFT",427.339996337891
2026-06-04,"MSFT",428.049987792969
2026-06-05,"MSFT",416.670013427734
2026-06-08,"MSFT",411.739990234375
2026-06-09,"MSFT",403.410003662109
2026-06-10,"MSFT",397.359985351562
2026-06-11,"MSFT",390.339996337891
2026-06-12,"MSFT",390.739990234375
2026-06-15,"MSFT",399.760009765625
2026-06-16,"MSFT",393.829986572266
2026-06-17,"MSFT",378.910003662109
2026-06-18,"MSFT",379.399993896484
2026-06-22,"MSFT",367.339996337891
2026-06-23,"MSFT",373.940002441406
2026-06-24,"MSFT",365.459991455078
2026-06-25,"MSFT",352.829986572266
2026-06-26,"MSFT",372.970001220703
2026-06-29,"MSFT",368.570007324219
2026-06-30,"MSFT",373.019989013672
2026-07-01,"MSFT",384.279998779297
2026-07-02,"MSFT",390.489990234375
2026-07-06,"MSFT",386.739990234375
2026-07-07,"MSFT",388.839996337891
2026-07-08,"MSFT",383.339996337891
2026-07-09,"MSFT",384.359985351562
2026-07-10,"MSFT",385.100006103516
2026-07-13,"MSFT",390.989990234375
2026-07-14,"MSFT",384.929992675781
2026-07-15,"MSFT",395.630004882812
2026-07-16,"MSFT",401.100006103516
2026-07-17,"MSFT",393.820007324219
2026-07-20,"MSFT",402.290008544922
2026-07-21,"MSFT",397.75
2026-07-22,"MSFT",390.339996337891
2026-07-23,"MSFT",381.579986572266
2026-07-24,"MSFT",381.700012207031
2026-07-27,"MSFT",389.100006103516
2026-07-28,"MSFT",393.350006103516
2026-07-29,"MSFT",390.540008544922
2026-07-30,"MSFT",451.100006103516
2026-07-31,"MSFT",464.720001220703
2026-08-03,"MSFT",487.649993896484
2026-08-04,"MSFT",492.809997558594
2026-08-05,"MSFT",487.459991455078
2026-08-06,"MSFT",499.859985351562
2026-08-07,"MSFT",499.989990234375
2026-08-10,"MSFT",506.059997558594
2026-08-11,"MSFT",503.809997558594
2026-08-12,"MSFT",492.429992675781
2026-08-13,"MSFT",496.880004882812
2026-08-14,"MSFT",495.399993896484
2026-08-17,"MSFT",480.350006103516
2026-08-18,"MSFT",481.630004882812
2026-08-19,"MSFT",484.309997558594
2026-08-20,"MSFT",481.149993896484
2026-08-21,"MSFT",483.239990234375
2026-08-24,"MSFT",487.309997558594
2026-08-25,"MSFT",491.709991455078
2026-08-26,"MSFT",496.369995117188
2026-08-27,"MSFT",505.059997558594
2026-08-28,"MSFT",513.530029296875
2026-08-31,"MSFT",507.290008544922
2026-09-01,"MSFT",501.019989013672
2026-09-02,"MSFT",496.820007324219
2026-09-03,"MSFT",510.119995117188
2026-09-04,"MSFT",499.700012207031
2026-09-08,"MSFT",493.950012207031
2026-09-09,"MSFT",491.649993896484
2026-09-10,"MSFT",492.440002441406
2026-09-11,"MSFT",495.630004882812
2026-09-14,"MSFT",505.410003662109
2026-09-15,"MSFT",497.119995117188
2026-09-16,"MSFT",490.299987792969
